time;points;iterations
0.579;15780;11
0.747;16686;13
0.584;15600;11
1.107;15535;14
0.923;16300;13
1.044;16690;14
0.761;17113;10
0.870;16752;12
1.376;16360;15
1.273;16259;14
1.223;15715;14
1.434;16850;16
0.901;16678;16
0.999;16880;15
0.560;16435;11
0.531;16200;9
0.648;15639;13
0.791;16719;13
0.866;16644;13
0.973;15537;14
0.988;15740;13
1.068;16282;18
0.634;16247;10
0.227;16419;3
0.788;15732;13
0.459;15653;5
0.995;16933;13
0.879;16227;11
0.939;15657;15
0.679;16468;14
0.722;16357;16
1.865;16167;16
0.772;16299;12
1.045;16106;13
0.857;16155;15
0.659;16181;13
0.456;15728;9
0.795;16474;17
0.600;15625;11
0.829;16336;17
0.586;16495;11
0.513;16790;9
0.940;16282;12
0.993;16865;16
0.847;16282;11
1.328;16254;16
1.271;16279;14
0.660;16638;8
1.171;16470;13
1.043;16895;13
1.124;16249;13
0.629;16705;11
0.705;16803;13
1.780;16631;15
1.506;16929;15
1.297;16340;13
0.803;15657;9
1.123;16254;12
1.329;16871;14
1.198;16843;16
1.056;16725;13
0.800;16825;15
0.611;16823;13
0.661;16420;15
0.837;16424;14
0.810;16815;13
0.452;15617;8
0.501;16831;10
0.767;16349;16
0.903;16671;18
0.628;16822;14
0.690;16769;16
0.643;16710;10
0.534;16243;10
0.458;16406;10
0.687;16771;16
0.549;16593;12
0.651;15820;14
0.794;16293;17
0.462;16393;10
0.558;16741;12
0.484;16078;11
0.536;15826;12
0.526;15643;11
0.829;16423;12
2.793;16368;11
1.623;16279;14
0.950;16348;10
1.515;16569;12
1.052;16387;12
1.333;16852;16
0.934;16381;12
0.826;16376;10
0.926;16250;11
1.625;16812;22
0.745;16107;14
0.760;16368;14
0.841;16816;18
0.482;15969;7
1.666;16959;16
2.318;16804;16
2.062;16502;21
1.128;15619;13
1.210;16889;21
0.400;15063;6
0.678;16630;15
0.867;16355;19
0.769;16173;13
0.651;16833;15
0.675;15901;15
0.680;16306;13
0.551;16755;12
0.751;16769;16
0.874;16823;18
1.075;17025;18
1.041;16259;16
0.959;16431;16
0.694;15074;6
0.906;15647;10
0.979;16667;12
1.486;16926;17
1.332;16240;17
0.920;16627;11
1.094;16309;13
1.354;16295;16
0.847;16712;11
1.087;16745;13
1.592;15742;15
1.420;16787;10
1.369;16344;15
0.877;15691;10
1.362;16029;17
1.574;16199;9
0.942;16817;14
1.219;16190;15
0.681;16300;11
0.607;16274;12
0.621;16048;13
0.641;16701;12
0.441;15568;9
1.066;16664;19
0.664;16574;15
0.809;16238;18
0.831;16142;16
0.862;16208;17
0.690;16310;14
0.553;16806;12
0.296;16129;5
0.652;16384;14
0.713;16798;16
0.646;16267;14
0.614;15230;13
0.688;16967;15
0.687;16308;10
0.747;16173;15
0.909;16821;14
1.052;16401;16
0.982;16521;17
1.195;16291;13
1.464;16873;16
1.819;16523;18
1.234;16830;15
1.618;16334;20
1.378;16230;17
1.383;16431;18
0.837;16447;12
0.724;15834;13
0.451;16230;8
0.643;16110;13
0.823;15733;16
0.962;16804;20
0.907;16827;16
1.156;16706;12
1.156;16016;16
0.718;15303;11
0.717;16777;13
0.892;16262;12
0.838;16880;12
0.648;16134;10
0.602;16117;11
0.777;16306;18
0.462;16770;11
0.518;16445;12
0.624;16202;15
0.691;16961;16
0.677;15497;15
0.614;16382;8
0.710;16222;15
0.585;16566;9
0.499;15709;10
0.839;16280;17
0.982;16710;16
1.057;16697;14
0.684;16405;9
1.312;16250;15
1.160;15579;13
0.955;16187;12
1.315;16197;17
0.821;16241;12
0.740;16356;14
0.512;15531;12
0.659;15957;13
0.388;16283;8
0.618;16282;13
0.632;16432;15
0.810;16396;17
0.525;16181;11
0.691;16119;13
1.056;16375;23
0.871;16786;15
1.309;16817;18
0.770;15779;9
1.534;16694;17
0.746;16204;8
1.493;16936;15
1.206;16335;15
1.111;16463;16
0.896;16903;15
0.943;16883;14
0.655;16396;14
0.750;15984;14
0.635;17144;14
0.733;16704;13
0.785;16635;14
0.760;16763;14
0.869;16844;20
0.582;16128;14
0.719;16750;17
0.653;16867;15
1.288;16812;12
0.635;16830;14
0.716;16741;16
0.498;15588;11
0.632;16965;14
0.603;16102;13
0.608;17010;11
1.094;17067;19
0.778;16441;17
0.832;16442;18
0.799;15773;17
0.474;16767;10
0.478;16253;10
0.460;16806;11
0.595;16777;14
0.751;16870;15
1.217;16914;18
0.587;14978;7
1.213;16468;13
1.373;16722;15
1.367;16623;16
1.084;16209;13
1.448;16276;17
1.024;16324;12
0.934;16823;13
0.819;16432;14
0.666;16633;15
0.598;16115;13
0.500;16426;11
0.870;16453;19
0.573;16250;12
0.804;16801;12
0.768;16759;14
0.459;16396;10
0.520;15208;10
0.738;15579;15
0.771;16906;16
0.832;16188;17
0.475;16374;9
0.297;15685;6
0.485;16663;10
0.873;16394;17
0.249;15951;5
0.549;15479;11
0.588;15639;13
0.597;16494;14
0.475;15574;11
0.696;16866;17
0.451;16884;10
0.670;16010;13
0.757;16815;18
0.769;16147;18
0.699;16415;15
0.358;16593;8
0.745;16770;16
0.932;16431;13
1.064;16901;15
1.090;15835;12
1.154;16991;14
1.060;16342;12
1.006;16262;12
0.505;15775;6
1.208;16990;15
0.965;16236;13
0.719;16955;14
0.793;16936;19
0.531;16345;12
0.707;16148;16
0.471;16287;11
0.500;15940;11
0.834;15632;18
0.842;16599;14
0.599;16415;10
0.888;17005;13
2.063;16852;24
1.536;15788;16
1.015;15580;10
0.850;16787;9
1.668;16383;19
1.168;16785;13
0.958;16318;11
1.028;16370;14
0.757;16080;12
0.868;15739;14
0.782;16391;14
0.506;15656;11
0.474;16802;11
0.513;16757;11
0.719;16862;13
0.784;16305;16
0.460;16274;9
0.515;16355;12
0.494;16841;10
0.508;16652;12
0.346;16220;8
0.611;16853;15
0.557;15724;13
0.686;16814;17
0.543;16685;12
0.819;15781;17
0.571;16322;12
1.699;16515;14
0.673;16217;13
0.457;16383;10
0.425;16655;10
0.594;16142;13
0.930;16729;14
0.664;16309;11
0.714;15863;15
0.559;16907;14
0.553;15832;12
0.578;16511;13
0.667;16723;14
0.802;16393;14
1.001;16496;14
1.163;16809;16
1.664;16833;15
0.985;15812;9
0.721;16808;10
1.179;16338;15
1.448;17042;18
1.254;16602;16
0.976;16295;16
0.727;17038;15
0.791;15594;17
0.311;15680;6
0.939;16152;16
1.619;16838;15
1.745;16352;14
1.464;16476;18
0.865;16636;12
0.746;16776;13
0.706;16237;15
0.830;16622;19
0.366;15622;8
0.668;16202;15
0.504;16269;11
0.477;16328;11
0.739;16817;17
0.566;16403;13
0.696;16099;16
0.265;15609;5
0.532;16846;12
0.755;15667;18
0.601;16799;13
0.522;16205;12
0.683;16120;15
0.687;16904;16
0.659;15662;14
0.541;16869;12
0.712;16406;8
0.853;16125;12
0.614;16647;12
0.760;16357;12
1.226;16817;13
0.684;16465;12
0.654;16455;15
0.893;16129;20
0.460;16122;10
1.054;16420;17
1.025;16163;14
1.425;16434;18
0.962;16619;12
1.185;15555;13
1.158;16762;12
0.704;16782;7
1.227;16902;13
1.313;16349;17
0.785;16771;13
1.280;16745;18
0.817;16272;18
0.394;15978;8
0.847;16217;15
0.458;15951;8
0.799;15595;12
0.461;16293;9
0.629;16581;14
0.636;16720;15
0.518;16183;12
0.472;15851;11
0.453;16203;10
0.335;16229;8
0.448;16139;10
0.671;16226;14
0.604;15690;13
0.662;16671;13
0.648;15961;13
0.929;16280;21
0.539;15841;9
0.814;16918;12
1.155;16462;21
1.602;16330;15
1.430;16240;15
0.891;16138;12
1.155;16751;14
0.653;15514;7
0.683;15350;8
1.034;15817;13
1.048;16657;13
0.922;16078;10
1.579;15825;14
1.390;16880;13
0.966;16271;13
2.094;16155;19
1.148;15807;17
0.352;16947;8
0.618;16651;13
0.802;16769;15
0.658;16090;11
0.558;16068;12
0.788;16335;18
0.788;16343;19
0.510;16809;12
0.607;16552;14
0.543;15639;12
0.656;16739;15
0.494;15865;11
0.472;16799;11
0.650;16089;15
0.725;16332;17
1.054;16927;22
1.066;16241;18
0.735;16206;14
0.543;16063;11
1.553;16173;18
1.702;15642;14
1.298;16199;16
1.044;15742;12
1.031;16759;13
0.922;16323;11
1.204;16239;15
0.819;16661;13
0.918;16476;9
1.371;16158;14
0.925;16781;12
1.495;16410;21
0.525;15703;7
1.109;16950;12
1.018;16378;16
0.822;15535;18
0.622;16909;14
0.776;16945;18
0.318;15911;7
0.605;16863;13
0.639;16065;15
0.609;16176;14
0.618;16919;14
0.601;15684;14
0.600;16684;14
0.817;16240;18
0.472;15684;9
0.581;16116;9
0.772;16506;16
0.950;16774;15
1.070;15769;13
1.703;16354;16
0.663;15954;8
1.096;16102;14
1.422;15740;17
1.226;16293;16
0.905;16710;11
1.143;16774;14
0.926;15644;16
0.558;15966;12
0.722;16724;16
0.972;16603;14
2.083;16357;16
1.918;16212;18
0.943;16285;16
0.780;15692;14
0.525;16817;10
0.988;16337;20
0.905;16219;18
0.305;16154;6
0.724;15864;16
0.657;16250;15
0.677;15919;15
0.642;16667;14
0.885;16776;16
0.677;16305;11
0.763;16854;14
0.623;16692;12
1.420;16394;18
0.946;16359;12
1.414;16879;17
1.180;16349;14
0.985;16794;12
1.125;16532;14
1.016;16140;13
0.820;16261;17
0.622;16624;14
0.915;16788;17
0.577;16863;11
0.554;16826;11
0.604;15959;12
0.775;16831;12
0.719;16736;14
1.099;16485;15
1.170;16815;15
2.611;16087;11
1.710;16706;16
1.378;16317;14
1.673;16870;16
1.408;16820;12
1.213;16354;12
1.355;16321;15
1.166;15798;15
1.065;16171;15
1.259;16912;17
1.176;16818;19
0.508;16228;9
0.882;16564;13
0.647;16256;7
0.965;16154;12
1.421;16763;13
1.873;16237;18
1.246;16266;14
1.182;16330;13
0.816;17016;15
0.805;16761;16
0.740;16338;16
0.537;15689;11
0.594;16929;14
0.878;16375;14
1.030;16333;11
1.598;16373;15
1.564;16571;16
1.052;16198;11
1.102;15706;13
0.768;16159;9
1.265;16724;16
1.097;16161;12
1.125;16332;13
1.661;16699;15
0.558;16677;11
0.619;15855;11
0.730;16418;14
1.143;16169;12
1.853;16472;19
1.052;16647;15
0.835;16292;12
1.083;15659;18
1.005;16732;12
0.906;16182;14
1.067;16827;13
1.165;16625;15
2.010;16957;20
1.407;16843;17
1.558;16740;21
0.699;16121;8
1.332;16571;15
1.588;16684;18
1.395;16191;20
0.989;15975;15
0.817;16657;16
0.502;15544;10
0.621;16255;13
0.710;16872;17
0.960;16852;17
0.724;16831;13
1.023;16827;19
0.606;15602;12
0.596;16331;12
0.544;16962;12
0.694;16915;15
0.915;16928;20
1.088;16971;19
0.936;16391;14
0.844;16894;13
0.964;16343;15
0.618;16390;13
1.407;16362;19
0.745;16674;15
0.685;15703;11
1.156;16391;18
1.083;16335;14
1.113;16334;14
1.470;16670;18
1.151;16418;14
1.085;16201;13
1.390;16894;15
1.139;16316;16
1.270;16232;17
1.392;16377;17
1.266;16025;13
0.849;16227;9
0.791;15713;11
1.552;16473;16
0.766;16800;16
0.455;16600;9
0.548;16836;11
0.424;16644;9
0.436;15287;9
0.490;16837;12
0.439;16126;10
1.141;16318;9
0.868;16514;13
1.602;16360;19
1.494;16216;13
1.283;16258;15
1.064;16811;14
1.452;16195;16
0.869;15256;8
1.109;16080;14
1.884;16610;21
1.059;16302;13
0.946;15657;10
1.118;16780;11
1.181;16211;11
1.025;15988;8
1.780;16884;17
0.844;16369;12
1.197;16822;14
0.992;16298;12
0.882;16921;18
0.534;16109;10
0.501;16663;11
0.497;15677;11
0.710;16812;13
0.998;16254;13
0.885;16018;15
0.696;16286;14
1.045;16900;22
0.908;16415;19
0.559;16694;13
0.360;15657;8
0.796;16716;17
0.705;16234;15
0.522;16821;10
0.731;15311;12
0.649;16449;14
0.597;16762;12
0.650;16135;10
0.982;16984;16
0.863;16342;9
0.638;16334;9
0.771;16736;12
1.318;16202;17
0.762;15758;9
0.804;16206;10
1.293;16810;15
1.596;15913;18
0.929;16714;8
1.233;16282;13
1.159;15582;12
0.801;16793;11
1.208;16060;17
1.208;16797;18
0.806;16137;16
0.806;16539;17
0.661;15719;14
0.722;16268;13
0.970;17029;13
0.604;15313;12
0.531;15852;12
0.859;16809;18
0.531;16840;12
0.544;16516;13
0.517;15896;11
1.015;17031;18
0.574;15673;10
0.833;16273;16
1.071;15493;17
0.798;16815;14
0.574;15649;9
0.847;16269;12
1.190;16695;13
0.757;15741;12
0.889;15877;14
1.016;16212;19
0.623;16362;11
0.825;16863;12
1.163;16292;14
1.186;16891;13
1.473;16781;18
1.310;16444;16
1.153;16321;14
1.144;16842;13
0.964;16743;12
0.712;15954;11
0.678;16222;12
0.883;16438;12
0.680;16225;12
0.663;16768;12
0.729;16887;15
1.015;16867;17
0.714;16917;12
1.013;16937;17
0.645;16261;11
0.723;16368;17
0.461;16953;11
0.520;16539;11
0.674;17013;13
0.707;16637;13
0.892;16926;15
1.652;16716;14
0.966;16876;18
1.007;16322;14
0.592;16326;12
0.754;16238;16
0.715;16715;13
0.521;16108;11
0.730;16746;16
0.546;16694;12
0.620;16707;13
0.476;16329;11
0.415;16075;9
0.796;15978;18
0.816;16794;20
0.297;15502;6
0.579;16748;13
0.869;16367;17
1.036;16096;14
0.753;16828;13
0.470;16819;9
1.475;16265;18
1.497;16762;12
1.172;16356;13
1.201;16652;15
2.077;16589;13
0.552;16373;11
0.824;16742;17
0.539;16006;11
1.517;16909;18
1.754;16737;18
1.225;16810;15
0.917;16817;17
0.839;16313;16
0.734;15694;14
0.721;16874;17
0.434;16905;10
0.388;16802;9
0.611;16888;14
0.551;16639;13
0.651;16692;15
0.432;16073;9
0.487;16752;11
0.506;16323;12
0.637;15981;15
1.581;16796;20
0.643;16297;13
0.644;16279;14
0.807;16063;14
0.938;16882;13
1.340;16290;16
1.410;16258;14
0.886;16123;11
1.026;16010;12
1.105;16304;14
1.091;16402;13
0.737;16642;15
0.896;16736;14
0.702;16161;13
0.708;16646;15
0.624;16794;13
0.749;16186;14
0.904;16283;17
0.708;16335;13
1.536;15745;16
0.974;15218;9
1.750;16883;18
1.599;16795;17
1.362;16915;16
1.106;16252;12
1.032;16959;11
1.423;16259;17
0.695;16872;12
1.012;16995;16
0.796;16677;16
0.938;16377;15
0.623;16858;11
0.580;16359;13
0.649;16079;12
0.889;15683;19
0.580;16979;11
0.916;16516;10
1.140;16104;16
1.229;15640;15
1.090;15638;11
0.865;16358;9
1.320;15886;15
1.119;16544;13
1.227;16762;14
1.294;16273;17
1.237;16350;18
1.532;16832;21
1.753;16180;16
1.098;15789;14
1.104;16218;15
0.698;15693;7
1.004;15898;10
1.009;16610;13
0.760;16241;14
1.638;16691;16
0.827;16010;9
1.378;15104;15
1.609;17031;17
1.497;16869;11
1.645;16898;20
0.977;16671;13
0.969;16672;14
0.746;16491;11
0.886;16372;15
0.772;16247;16
0.695;15633;15
1.243;16800;15
1.252;17049;20
0.874;16652;13
0.812;16072;10
0.772;15593;10
1.662;16782;18
1.966;16373;22
1.056;16156;11
1.238;16186;15
0.868;16377;15
0.875;16464;16
0.737;16226;14
0.752;16922;14
0.955;16266;15
1.055;16133;18
1.172;15818;17
0.667;16287;14
0.967;16712;16
1.517;16325;20
0.942;16292;12
1.604;16956;19
0.863;16078;10
1.801;16945;22
1.554;16709;17
1.028;16981;14
0.915;16918;17
0.859;16582;14
0.842;16877;15
0.620;15702;12
0.665;16648;12
0.845;16335;16
0.768;16093;14
0.684;16870;13
1.859;16798;17
1.875;16862;16
1.724;16525;17
1.110;16656;13
0.876;16790;10
0.937;16185;11
0.945;16363;11
1.619;16423;20
0.991;16310;16
0.928;16841;15
0.712;16842;14
0.808;16918;18
0.582;16866;11
0.906;16317;14
0.789;16740;10
1.326;15791;13
1.330;16689;14
2.036;16831;18
1.247;16785;12
1.432;16290;13
0.807;16856;10
0.855;16222;11
0.889;16848;11
1.388;16703;18
1.566;16716;19
1.178;16927;14
1.779;15905;14
1.125;16631;12
1.061;16204;14
0.825;16333;12
1.110;16249;14
1.213;16639;16
0.752;16314;13
0.611;15921;11
0.699;16053;15
1.006;16895;19
0.677;16676;15
0.523;16247;11
1.190;16446;18
1.227;16848;18
1.184;16252;15
1.427;16742;15
1.711;16401;17
1.002;16758;11
1.980;16649;14
0.744;15585;12
0.554;16750;10
0.751;16824;13
1.416;16276;13
0.740;16375;14
0.816;16446;15
0.624;16397;14
0.761;16919;16
0.856;16229;15
0.781;16068;14
0.730;16198;11
1.237;15982;15
1.287;16400;14
1.195;15791;15
1.006;16782;14
0.610;16210;9
0.703;16917;12
0.706;16218;13
1.174;16288;17
0.911;16896;17
0.657;16064;13
0.879;16916;17
0.530;16718;11
0.360;16097;7
0.569;16783;12
0.494;16180;9
0.639;16812;13
0.731;16980;14
1.629;16950;16
1.231;16823;12
2.222;15824;21
2.072;16984;22
0.993;16339;12
0.615;16309;14
1.785;17118;22
1.146;16155;13
1.140;16798;13
0.878;16782;10
0.972;16425;17
1.063;16522;16
1.638;16855;20
1.408;16325;17
1.198;16916;17
0.692;16117;7
0.801;16282;10
1.463;16718;14
0.869;15809;15
0.874;16559;15
1.018;15631;13
0.949;16674;11
1.188;16635;13
1.129;16457;13
1.821;16849;19
1.529;16230;15
1.324;16455;17
1.053;16604;11
1.081;16456;17
0.829;16429;16
0.789;16266;16
0.451;15712;8
0.773;16122;16
0.708;16985;17
0.740;16246;16
0.827;16493;15
0.660;16216;14
0.586;15804;11
0.478;16165;10
0.643;16249;12
0.956;16913;17
0.846;16139;14
0.939;16715;7
1.894;16651;15
1.665;16421;17
1.230;16694;11
0.914;16767;9
1.187;16225;13
0.808;16431;10
1.655;16268;19
1.521;16255;19
1.063;16082;15
0.751;16196;10
0.811;15580;11
0.813;16853;12
0.878;16125;11
1.092;15362;13
1.179;16828;15
1.334;16249;17
1.262;16867;16
