run_id;startPoints;endPoints
1;11449;17183
2;12684;17217
3;13499;17102
4;11718;17187
5;12373;17192
6;10800;17181
7;11948;17175
8;11073;17170
9;13156;17150
10;13559;17181
11;11834;17192
12;14052;17217
13;11888;17192
14;11104;17222
15;12634;17156
16;13472;17181
17;12547;17222
18;12448;17170
19;13367;17185
20;10001;17150
21;12554;17163
22;12807;17217
23;10636;17222
24;12671;17215
25;13099;17220
26;12497;17152
27;11130;17140
28;12341;17181
29;12397;17194
30;12982;17226
31;13444;17152
32;11051;17181
33;12231;17222
34;11094;17222
35;13745;17163
36;12675;17187
37;13386;17215
38;13028;17206
39;15092;17163
40;10342;17186
41;12707;17092
42;14124;17114
43;15312;17228
44;13506;17171
45;12266;17186
46;13917;17146
47;10870;17194
48;12121;17217
49;12841;17226
50;14594;17192
51;13497;17192
52;13684;17228
53;13463;17183
54;11530;17185
55;12578;17150
56;14354;17226
57;11978;17228
58;12600;17163
59;10879;17119
60;12884;17084
61;12897;17228
62;11776;17186
63;12332;17186
64;11249;17206
65;11789;17140
66;11973;17228
67;10520;17152
68;10304;17226
69;13349;17192
70;12684;17181
71;9668;17199
72;13670;17192
73;11485;17150
74;12825;17217
75;13676;17143
76;14739;17222
77;13474;17181
78;12405;17176
79;12840;17126
80;12950;17149
81;13176;17172
82;12313;17175
83;12000;17200
84;12022;17222
85;11317;17139
86;13538;17222
87;13240;17192
88;10881;17222
89;12828;17222
90;10757;17136
91;12754;17167
92;11162;17175
93;10194;17124
94;13912;17163
95;11711;17076
96;13474;17098
97;13247;17220
98;11553;17117
99;13564;17202
100;10688;17217
101;11954;17181
102;11246;17115
103;11872;17163
104;12061;17163
105;11218;17222
106;12762;17181
107;12386;17192
108;12072;17150
109;11783;17183
110;11892;17194
111;12830;17181
112;12688;17183
113;11754;17165
114;11198;17181
115;12945;17206
116;12849;17194
117;12417;17078
118;12871;17187
119;11822;17192
120;13321;17176
121;13296;17228
122;9765;17202
123;11633;17200
124;12167;17187
125;13566;17079
126;12133;17161
127;11019;17174
128;13204;17192
129;14460;17228
130;10692;17085
131;11990;17137
132;12073;17217
133;12484;17139
134;10945;17179
135;9418;17186
136;12214;17158
137;13425;17186
138;12379;17181
139;10917;17151
140;10993;17187
141;12379;17181
142;11927;17191
143;13023;17118
144;12477;17163
145;11435;17152
146;13589;17181
147;11478;17183
148;12022;17163
149;11529;17181
150;12942;17161
151;11992;17226
152;13221;17170
153;12055;17228
154;12356;17226
155;11645;17163
156;10282;17196
157;13249;17215
158;11310;17217
159;13108;17172
160;13921;17135
161;12851;17228
162;11225;17202
163;12869;17191
164;13341;17185
165;12015;17202
166;10512;17183
167;13622;17181
168;11619;17228
169;12739;17217
170;13056;17186
171;13282;17146
172;10656;17135
173;12473;17172
174;12305;17181
175;10550;17181
176;12247;17217
177;12048;17136
178;11605;17181
179;10116;17171
180;10370;17226
181;10978;17177
182;11369;17160
183;11872;17070
184;14592;17181
185;12674;17157
186;12405;17181
187;11526;17217
188;10468;17181
189;13320;17217
190;12591;17217
191;11706;17226
192;13582;17144
193;14169;17222
194;12050;17222
195;13083;17153
196;11302;17118
197;12828;17217
198;12428;17144
199;13124;17228
200;14340;17192
201;10761;17215
202;12961;17137
203;10814;17206
204;10794;17183
205;10987;17192
206;10433;17149
207;12263;17183
208;9512;17222
209;13329;17186
210;12815;17217
211;12261;17215
212;13097;17196
213;12149;17226
214;11112;17222
215;12769;17145
216;10207;17157
217;13951;17222
218;12109;17177
219;13213;17168
220;11749;17217
221;11438;17145
222;11787;17186
223;10896;17202
224;11866;17226
225;13106;17222
226;13501;17222
227;11121;17148
228;14094;17228
229;12519;17222
230;11573;17183
231;12649;17135
232;12716;17183
233;14012;17185
234;12082;17228
235;12283;17202
236;12222;17192
237;12503;17220
238;12818;17144
239;12192;17144
240;13542;17185
241;10662;17183
242;13040;17171
243;13922;17183
244;14407;17171
245;10879;17181
246;10570;17171
247;11609;17220
248;11526;17136
249;12993;17172
250;12226;17186
251;11774;17205
252;11891;17158
253;10886;17186
254;12087;17152
255;12743;17175
256;12923;17217
257;12511;17172
258;12753;17181
259;12329;17175
260;11290;17217
261;11157;17191
262;10627;17228
263;11695;17169
264;11962;17191
265;10211;17192
266;12884;17220
267;9405;17168
268;11414;17172
269;13397;17183
270;11910;17192
271;11850;17226
272;11089;17176
273;14026;17135
274;10328;17164
275;11452;17222
276;11241;17202
277;12301;17222
278;14106;17161
279;11852;17220
280;12642;17181
281;12370;17192
282;11119;17228
283;11716;17183
284;12141;17152
285;12242;17170
286;12165;17222
287;12734;17183
288;12405;17163
289;10610;17135
290;13362;17183
291;12823;17228
292;13568;17226
293;13549;17176
294;12523;17183
295;11205;17181
296;11093;17187
297;12310;17185
298;11732;17206
299;12087;17181
300;10787;17181
301;13735;17137
302;11070;17130
303;12080;17151
304;12209;17181
305;11405;17143
306;13112;17176
307;12167;17222
308;14306;17161
309;14049;17183
310;12695;17220
311;13589;17177
312;12311;17151
313;12703;17175
314;14033;17206
315;12410;17182
316;12289;17220
317;13369;17183
318;10375;17217
319;11182;17196
320;13531;17183
321;13384;17222
322;11728;17220
323;11818;17183
324;11960;17152
325;11986;17181
326;10295;17192
327;12438;17177
328;12012;17181
329;13358;17146
330;12482;17192
331;12494;17154
332;9555;17137
333;13283;17222
334;12642;17228
335;10394;17137
336;10766;17206
337;13750;17176
338;10555;17192
339;12787;17192
340;12269;17183
341;10396;17228
342;12193;17215
343;13887;17192
344;11769;17181
345;14355;17128
346;12714;17222
347;12076;17161
348;12825;17108
349;11005;17186
350;12006;17228
351;13075;17163
352;11780;17183
353;12242;17149
354;13023;17183
355;11841;17163
356;11368;17172
357;12589;17206
358;12606;17198
359;10983;17099
360;11318;17171
361;12554;17192
362;13025;17222
363;13133;17217
364;12288;17181
365;11173;17186
366;12606;17222
367;10688;17228
368;11605;17181
369;11409;17181
370;11700;17103
371;13421;17215
372;14164;17170
373;13668;17143
374;10798;17228
375;12368;17228
376;9656;17192
377;12888;17192
378;11259;17186
379;13502;17191
380;12699;17078
381;11916;17149
382;12499;17191
383;12895;17183
384;11765;17192
385;11998;17183
386;12014;17163
387;12166;17151
388;12160;17186
389;12150;17186
390;10798;17186
391;12283;17222
392;13416;17135
393;14103;17200
394;13924;17170
395;14331;17058
396;12191;17168
397;11047;17135
398;9611;17168
399;13333;17103
400;11276;17181
401;11493;17172
402;12636;17175
403;10621;17141
404;11283;17153
405;12809;17152
406;11326;17215
407;11768;17179
408;12045;17217
409;10799;17217
410;13102;17183
411;11583;17202
412;11577;17170
413;12643;17124
414;11478;17220
415;13440;17192
416;13518;17183
417;12245;17181
418;11154;17194
419;13142;17137
420;13028;17186
421;11106;17226
422;11854;17187
423;12623;17135
424;12638;17139
425;12414;17142
426;11474;17217
427;10594;17139
428;12434;17222
429;12788;17222
430;11218;17192
431;11817;17228
432;11457;17186
433;9822;17183
434;10685;17217
435;13150;17181
436;12850;17176
437;12370;17226
438;12685;17183
439;12978;17183
440;11825;17175
441;12407;17012
442;11212;17217
443;12263;17228
444;10680;17217
445;12886;17185
446;13031;17192
447;14137;17183
448;12272;17217
449;13203;17187
450;10491;17186
451;9846;17222
452;11387;17181
453;12500;17186
454;12856;17215
455;11228;17226
456;13732;17217
457;12238;17139
458;11863;17226
459;11147;17228
460;12197;17186
461;14338;17226
462;11538;17101
463;12500;17161
464;12634;17186
465;12915;17228
466;11526;17182
467;12825;17226
468;13252;17228
469;11487;17144
470;11806;17220
471;10147;17192
472;12907;17191
473;11724;17175
474;14117;17135
475;13562;17226
476;13798;17222
477;13453;17120
478;11395;17226
479;11692;17186
480;12620;17183
481;10999;17051
482;13182;17217
483;11330;17156
484;11792;17228
485;12583;17157
486;11088;17181
487;12513;17165
488;12476;17186
489;14328;17217
490;11323;17181
491;12760;17177
492;12789;17140
493;13414;17228
494;12423;17168
495;14832;17192
496;14111;17217
497;13547;17183
498;11842;17172
499;12726;17176
500;12502;17181
501;9501;17181
502;12276;17176
503;11795;17186
504;10748;17183
505;11259;17150
506;12487;17192
507;13037;17192
508;13695;17192
509;12552;17226
510;12638;17182
511;11160;17222
512;11974;17114
513;12142;17192
514;12508;17181
515;9759;17222
516;13037;17228
517;12330;17217
518;10932;17226
519;12333;17228
520;11726;17181
521;13868;17226
522;13104;17170
523;12852;17088
524;11950;17202
525;11147;17150
526;10742;17222
527;12501;17146
528;10480;17217
529;12006;17202
530;12618;17181
531;12850;17158
532;11385;17150
533;12527;17171
534;12601;17186
535;12227;17123
536;12999;17183
537;11119;17187
538;10808;17192
539;10605;17222
540;12879;17161
541;12932;17192
542;12728;17144
543;11202;17163
544;11995;17202
545;12007;17228
546;11320;17186
547;12795;17192
548;12522;17183
549;13397;17206
550;12663;17152
551;12381;17186
552;12620;17161
553;12400;17181
554;12638;17183
555;12190;17181
556;14060;17192
557;12292;17183
558;12374;17215
559;13109;17185
560;11344;17228
561;9949;17170
562;13606;17217
563;12756;17217
564;12307;17228
565;12985;17152
566;11200;17194
567;13127;17181
568;11555;17217
569;12129;17222
570;13172;17088
571;11840;17220
572;12165;17186
573;13355;17152
574;12674;17182
575;10219;17170
576;12890;17217
577;13167;17137
578;11765;17198
579;11552;17200
580;12502;17228
581;8604;17164
582;10207;17139
583;12827;17183
584;12264;17149
585;13633;17192
586;12495;17140
587;13585;17179
588;11369;17178
589;13327;17192
590;12853;17196
591;13541;17177
592;13521;17175
593;10777;17192
594;12322;17181
595;14736;17171
596;9631;17220
597;11532;17228
598;12328;17198
599;10551;17186
600;13619;17192
601;10737;17183
602;11538;17202
603;11111;17186
604;12481;17117
605;14299;17183
606;13669;17205
607;11879;17217
608;11818;17104
609;10968;17183
610;11894;17172
611;11355;17183
612;12951;17226
613;11060;17222
614;11892;17226
615;12871;17181
616;12840;17172
617;12500;17111
618;13085;17217
619;11957;17180
620;11669;17181
621;10496;17215
622;14220;17186
623;11505;17202
624;13593;17200
625;13400;17120
626;12494;17217
627;10451;17228
628;12123;17157
629;11180;17162
630;12643;17228
631;11731;17161
632;13367;17217
633;11933;17228
634;11414;17222
635;11692;17181
636;11714;17141
637;13195;17220
638;12728;17183
639;13851;17217
640;11675;17206
641;15809;17181
642;12980;17136
643;11503;17183
644;11424;17220
645;11052;17172
646;10255;17222
647;13682;17177
648;11357;17191
649;13046;17217
650;11857;17144
651;12292;17108
652;12796;17181
653;12591;17108
654;12178;17215
655;12090;17181
656;13742;17181
657;14838;17123
658;13068;17220
659;11792;17181
660;13454;17228
661;13605;17163
662;13569;17217
663;13635;17180
664;12141;17175
665;13098;17186
666;12344;17153
667;13463;17183
668;13336;17181
669;12139;17217
670;12902;17228
671;11620;17181
672;12852;17183
673;12754;17183
674;11315;17192
675;11002;17181
676;9860;17220
677;11144;17226
678;11155;17171
679;12139;17181
680;10161;17183
681;12312;17226
682;10215;17170
683;11622;17217
684;14815;17181
685;13057;17222
686;11721;17192
687;13289;17181
688;11761;17185
689;13512;17222
690;12818;17118
691;14963;17181
692;13273;17228
693;10042;17181
694;12788;17215
695;13103;17228
696;13299;17163
697;11717;17172
698;11906;17217
699;13617;17222
700;12563;17220
701;10415;17217
702;13216;17165
703;12251;17228
704;13146;17228
705;12605;17163
706;11657;17222
707;11835;17186
708;13543;17181
709;14501;17133
710;13189;17165
711;10614;17119
712;12581;17192
713;12678;17222
714;11993;17151
715;11601;17161
716;11561;17183
717;11420;17196
718;10547;17181
719;12739;17126
720;10871;17147
721;11633;17170
722;11954;17152
723;13957;17186
724;13460;17183
725;12446;17102
726;9942;17228
727;13310;17093
728;11836;17202
729;13021;17202
730;13664;17181
731;12169;17170
732;11418;17139
733;11829;17153
734;12693;17186
735;13493;17149
736;10369;17187
737;13032;17186
738;12952;17170
739;10424;17198
740;13246;17217
741;12206;17141
742;13309;17192
743;11543;17181
744;13526;17199
745;11100;17144
746;11550;17170
747;12670;17222
748;12873;17217
749;12097;17191
750;11365;17135
751;11567;17124
752;11146;17228
753;11842;17202
754;13533;17192
755;11110;17135
756;13415;17217
757;13472;17186
758;9819;17217
759;13137;17228
760;13308;17217
761;12868;17222
762;11487;17181
763;12457;17217
764;12165;17186
765;11063;17183
766;12880;17145
767;11433;17135
768;12831;17192
769;11548;17185
770;12200;17185
771;10783;17192
772;12015;17186
773;12313;17170
774;12797;17139
775;13474;17167
776;12939;17181
777;13524;17191
778;10502;17186
779;11784;17103
780;11619;17181
781;11629;17145
782;11931;17165
783;13220;17183
784;12373;17176
785;11154;17192
786;14508;17187
787;12942;17220
788;13040;17183
789;14345;17149
790;12088;17172
791;12361;17183
792;14610;17183
793;14132;17217
794;14561;17149
795;12363;17174
796;11294;17176
797;10190;17181
798;13479;17228
799;10628;17192
800;11687;17181
801;11650;17172
802;13070;17181
803;12395;17181
804;13186;17192
805;12132;17183
806;10808;17217
807;12243;17185
808;11469;17170
809;12089;17161
810;12222;17181
811;12100;17215
812;12138;17202
813;11549;17186
814;12585;17217
815;12500;17088
816;10064;17186
817;13021;17220
818;11999;17228
819;14044;17151
820;11393;17176
821;13326;17149
822;11081;17217
823;11387;17186
824;11864;17217
825;12733;17177
826;11028;17170
827;12747;17228
828;13724;17176
829;13447;17226
830;15665;17052
831;12337;17217
832;12381;17181
833;12904;17186
834;12126;17136
835;14749;17183
836;12835;17222
837;13724;17103
838;13797;17192
839;11723;17217
840;12343;17179
841;12174;17222
842;14068;17228
843;13813;17119
844;13948;17217
845;14493;17222
846;11991;17215
847;10872;17149
848;11850;17200
849;12314;17085
850;14248;17163
851;12059;17181
852;11106;17181
853;14115;17220
854;13219;17226
855;12668;17217
856;13522;17222
857;11573;17192
858;13749;17217
859;13066;17186
860;11627;17151
861;14074;17228
862;12458;17228
863;11349;17183
864;11678;17170
865;12075;17222
866;12165;17217
867;13099;17226
868;12957;17222
869;12769;17228
870;10991;17222
871;12592;17220
872;11778;17192
873;13707;17161
874;11599;17186
875;11723;17176
876;9744;17192
877;13701;17181
878;12731;17200
879;12770;17220
880;14114;17114
881;10218;17182
882;13428;17111
883;10632;17191
884;11591;17161
885;13601;17183
886;9937;17144
887;12158;17181
888;10410;17186
889;13527;17183
890;11276;17186
891;12016;17192
892;11547;17150
893;12596;17090
894;11118;17172
895;13344;17183
896;12700;17170
897;13814;17222
898;12187;17142
899;12393;17181
900;13169;17183
901;11029;17163
902;14113;17119
903;12962;17172
904;12544;17220
905;10923;17141
906;10975;17170
907;12210;17196
908;14285;17183
909;10610;17181
910;12082;17186
911;11871;17206
912;11719;17110
913;12163;17217
914;14670;17150
915;13140;17155
916;11412;17192
917;11858;17118
918;10683;17191
919;11017;17183
920;10927;17118
921;11960;17183
922;12346;17187
923;12455;17172
924;12342;17198
925;12759;17181
926;10923;17217
927;13266;17172
928;10970;17123
929;12134;17124
930;13407;17181
931;11934;17228
932;13585;17142
933;10693;17192
934;13007;17181
935;12475;17125
936;11050;17151
937;13798;17192
938;10731;17183
939;13723;17215
940;13531;17163
941;11883;17217
942;12917;17220
943;13111;17191
944;12486;17185
945;10259;17181
946;11003;17192
947;12386;17176
948;13162;17222
949;13498;17139
950;14089;17164
951;11634;17217
952;12884;17220
953;11787;17161
954;14039;17150
955;12596;17148
956;13096;17175
957;13193;17153
958;12443;17192
959;11993;17187
960;11254;17171
961;13195;17220
962;12826;17192
963;12524;17181
964;13331;17226
965;12114;17226
966;12265;17172
967;12739;17170
968;12626;17151
969;10011;17175
970;12754;17183
971;11370;17217
972;12919;17186
973;11169;17186
974;14528;17181
975;13509;17183
976;11085;17198
977;12504;17174
978;12485;17196
979;12197;17183
980;11964;17182
981;12162;17206
982;10564;17103
983;12772;17222
984;11769;17143
985;12800;17163
986;12541;17149
987;12196;17215
988;10809;17182
989;11212;17183
990;11636;17220
991;10929;17150
992;12027;17137
993;11905;17172
994;12046;17093
995;13825;17142
996;11314;17103
997;12544;17181
998;13024;17172
999;12020;17186
1000;14416;17217
