run_id;iteration;points
1;1;12199
1;2;12691
1;3;12694
1;4;12712
1;5;13259
1;6;13308
1;7;13822
1;8;14409
1;9;14430
1;10;14458
1;11;14572
1;12;15045
1;13;15675
1;14;16193
1;15;16795
1;16;17319
1;17;17414
1;18;17832
1;19;18387
1;20;18478
1;21;18958
1;22;18971
1;23;19007
1;24;19033
1;25;19061
1;26;19075
1;27;19105
1;28;19106
1;29;19155
1;30;19164
1;31;19184
1;32;19187
1;33;19191
1;34;19193
1;35;19205
2;1;11130
2;2;11156
2;3;11732
2;4;12347
2;5;12916
2;6;13429
2;7;13885
2;8;14412
2;9;15042
2;10;15137
2;11;15659
2;12;16282
2;13;16869
2;14;17420
2;15;17842
2;16;17931
2;17;18044
2;18;18152
2;19;18181
2;20;18779
2;21;18843
2;22;18956
2;23;19049
2;24;19058
2;25;19091
2;26;19092
2;27;19103
2;28;19112
2;29;19114
2;30;19115
2;31;19126
3;1;12134
3;2;12626
3;3;13037
3;4;13602
3;5;14041
3;6;14154
3;7;14271
3;8;14660
3;9;15231
3;10;15389
3;11;15503
3;12;15529
3;13;15625
3;14;15964
3;15;16521
3;16;17006
3;17;17604
3;18;17718
3;19;17767
3;20;17884
3;21;17895
3;22;18253
3;23;18370
3;24;18411
3;25;18449
3;26;18508
3;27;18970
3;28;19095
3;29;19117
3;30;19126
4;1;10840
4;2;10954
4;3;11552
4;4;12123
4;5;12699
4;6;12719
4;7;13233
4;8;13647
4;9;14122
4;10;14213
4;11;14592
4;12;14705
4;13;14706
4;14;15198
4;15;15777
4;16;15818
4;17;16307
4;18;16318
4;19;16887
4;20;16897
4;21;16992
4;22;17466
4;23;17579
4;24;17737
4;25;17763
4;26;17812
4;27;17882
4;28;17901
4;29;18264
4;30;18268
4;31;18270
4;32;18797
4;33;18825
4;34;18871
4;35;18930
4;36;18991
4;37;19104
4;38;19135
5;1;9797
5;2;10373
5;3;10404
5;4;10955
5;5;11559
5;6;11676
5;7;12149
5;8;12550
5;9;13152
5;10;13739
5;11;14213
5;12;14546
5;13;14654
5;14;15224
5;15;15320
5;16;15404
5;17;15850
5;18;16455
5;19;16507
5;20;17105
5;21;17218
5;22;17343
5;23;17912
5;24;18248
5;25;18365
5;26;18396
5;27;18469
5;28;18481
5;29;18516
5;30;18566
5;31;18895
5;32;19008
5;33;19057
5;34;19117
5;35;19155
6;1;13174
6;2;13203
6;3;13252
6;4;13302
6;5;13415
6;6;13926
6;7;13947
6;8;14401
6;9;14977
6;10;15026
6;11;15413
6;12;16028
6;13;16049
6;14;16080
6;15;16205
6;16;16714
6;17;16784
6;18;17285
6;19;17311
6;20;17419
6;21;17469
6;22;17486
6;23;17832
6;24;17949
6;25;18324
6;26;18366
6;27;18386
6;28;18908
6;29;19003
6;30;19007
6;31;19038
6;32;19066
6;33;19162
6;34;19183
6;35;19190
6;36;19191
6;37;19193
6;38;19205
7;1;12826
7;2;13377
7;3;13875
7;4;14388
7;5;14505
7;6;15076
7;7;15136
7;8;15658
7;9;16150
7;10;16646
7;11;17222
7;12;17253
7;13;17274
7;14;17626
7;15;17720
7;16;17833
7;17;18285
7;18;18402
7;19;18456
7;20;18476
7;21;18909
7;22;18927
7;23;18987
7;24;19098
7;25;19121
7;26;19133
7;27;19135
8;1;14340
8;2;14882
8;3;15393
8;4;15867
8;5;15880
8;6;16495
8;7;16526
8;8;16554
8;9;16684
8;10;16744
8;11;17142
8;12;17188
8;13;17205
8;14;17776
8;15;17881
8;16;17977
8;17;17998
8;18;18459
8;19;18873
8;20;18904
8;21;18999
8;22;19112
8;23;19134
8;24;19175
8;25;19205
9;1;11201
9;2;11674
9;3;11787
9;4;12321
9;5;12750
9;6;13075
9;7;13186
9;8;13300
9;9;13349
9;10;13377
9;11;13430
9;12;13894
9;13;14379
9;14;14470
9;15;14520
9;16;14540
9;17;14984
9;18;15006
9;19;15530
9;20;16003
9;21;16574
9;22;16611
9;23;16656
9;24;17271
9;25;17678
9;26;18055
9;27;18084
9;28;18143
9;29;18208
9;30;18731
9;31;18749
9;32;18844
9;33;18935
9;34;18951
9;35;18977
9;36;19026
9;37;19085
9;38;19114
9;39;19126
9;40;19152
9;41;19175
9;42;19184
9;43;19192
9;44;19213
10;1;10668
10;2;11329
10;3;11933
10;4;12289
10;5;12348
10;6;12899
10;7;12991
10;8;13282
10;9;13336
10;10;13938
10;11;13966
10;12;14015
10;13;14046
10;14;14473
10;15;14590
10;16;15114
10;17;15272
10;18;15723
10;19;16299
10;20;16306
10;21;16337
10;22;16788
10;23;16809
10;24;17261
10;25;17324
10;26;17335
10;27;17353
10;28;17412
10;29;17856
10;30;17914
10;31;17943
10;32;17953
10;33;18215
10;34;18250
10;35;18363
10;36;18480
10;37;18492
10;38;18510
10;39;18976
10;40;19025
10;41;19085
10;42;19109
10;43;19110
10;44;19136
10;45;19147
10;46;19162
10;47;19205
11;1;9922
11;2;9953
11;3;10428
11;4;10970
11;5;11546
11;6;12007
11;7;12058
11;8;12087
11;9;12656
11;10;13225
11;11;13333
11;12;13900
11;13;13950
11;14;13991
11;15;14022
11;16;14104
11;17;14517
11;18;14520
11;19;14965
11;20;14996
11;21;15024
11;22;15088
11;23;15431
11;24;15449
11;25;15971
11;26;16546
11;27;16577
11;28;17164
11;29;17259
11;30;17372
11;31;17778
11;32;17827
11;33;18157
11;34;18177
11;35;18268
11;36;18328
11;37;18356
11;38;18469
11;39;18594
11;40;18992
11;41;19105
11;42;19140
11;43;19183
11;44;19184
11;45;19188
11;46;19191
11;47;19193
11;48;19205
12;1;11631
12;2;12145
12;3;12714
12;4;13227
12;5;13776
12;6;13872
12;7;14502
12;8;14858
12;9;14975
12;10;15010
12;11;15039
12;12;15614
12;13;15620
12;14;16124
12;15;16695
12;16;16791
12;17;17155
12;18;17184
12;19;17279
12;20;17709
12;21;17805
12;22;17869
12;23;18267
12;24;18300
12;25;18396
12;26;18491
12;27;18982
12;28;18988
12;29;18995
12;30;19054
12;31;19066
12;32;19151
12;33;19162
12;34;19170
12;35;19192
12;36;19213
13;1;11512
13;2;12108
13;3;12119
13;4;12215
13;5;12310
13;6;12768
13;7;13224
13;8;13775
13;9;13801
13;10;14333
13;11;14392
13;12;14403
13;13;14856
13;14;15318
13;15;15402
13;16;15938
13;17;16518
13;18;16577
13;19;16673
13;20;16791
13;21;16858
13;22;16886
13;23;17449
13;24;17484
13;25;17853
13;26;18325
13;27;18380
13;28;18429
13;29;18455
13;30;18514
13;31;18574
13;32;18852
13;33;18853
13;34;18918
13;35;18976
13;36;19016
13;37;19021
13;38;19112
13;39;19140
13;40;19147
13;41;19207
13;42;19211
13;43;19213
14;1;13872
14;2;14356
14;3;14925
14;4;15512
14;5;15538
14;6;15956
14;7;16114
14;8;16566
14;9;16644
14;10;16761
14;11;16875
14;12;17271
14;13;17524
14;14;18069
14;15;18098
14;16;18211
14;17;18328
14;18;18354
14;19;18358
14;20;18384
14;21;18397
14;22;18408
14;23;18795
14;24;18837
14;25;18855
14;26;18897
14;27;18946
14;28;18981
14;29;19071
14;30;19080
14;31;19104
14;32;19139
14;33;19149
14;34;19151
14;35;19171
14;36;19189
14;37;19190
14;38;19213
15;1;12845
15;2;13367
15;3;13824
15;4;13937
15;5;13968
15;6;14443
15;7;14479
15;8;15028
15;9;15078
15;10;15461
15;11;15472
15;12;15526
15;13;15944
15;14;16480
15;15;16930
15;16;17506
15;17;17584
15;18;17633
15;19;17754
15;20;18108
15;21;18166
15;22;18262
15;23;18379
15;24;18421
15;25;18517
15;26;19014
15;27;19035
15;28;19083
15;29;19084
15;30;19095
15;31;19104
15;32;19106
15;33;19111
15;34;19114
15;35;19126
16;1;13774
16;2;13802
16;3;14270
16;4;14744
16;5;14861
16;6;15019
16;7;15543
16;8;15902
16;9;16442
16;10;16556
16;11;16669
16;12;17299
16;13;17783
16;14;17897
16;15;18302
16;16;18395
16;17;18733
16;18;18751
16;19;18811
16;20;18902
16;21;18903
16;22;18923
16;23;18927
16;24;18940
16;25;19014
16;26;19042
16;27;19062
16;28;19093
16;29;19099
16;30;19110
16;31;19112
16;32;19127
17;1;13549
17;2;13904
17;3;14362
17;4;14933
17;5;15502
17;6;15533
17;7;16082
17;8;16132
17;9;16645
17;10;17159
17;11;17623
17;12;17651
17;13;17729
17;14;17789
17;15;17906
17;16;18280
17;17;18856
17;18;18947
17;19;18966
17;20;19024
17;21;19049
17;22;19055
17;23;19087
17;24;19098
17;25;19126
17;26;19135
17;27;19185
17;28;19205
17;29;19213
18;1;14451
18;2;14501
18;3;14939
18;4;15374
18;5;15406
18;6;15953
18;7;15984
18;8;16019
18;9;16133
18;10;16672
18;11;17009
18;12;17560
18;13;17591
18;14;17693
18;15;17752
18;16;17769
18;17;18316
18;18;18424
18;19;18427
18;20;18526
18;21;19001
18;22;19060
18;23;19068
18;24;19085
18;25;19111
18;26;19112
18;27;19116
18;28;19127
19;1;12839
19;2;13407
19;3;13520
19;4;14040
19;5;14582
19;6;15133
19;7;15590
19;8;15703
19;9;16364
19;10;16677
19;11;16790
19;12;16814
19;13;17195
19;14;17213
19;15;17630
19;16;17741
19;17;17819
19;18;17850
19;19;17907
19;20;17942
19;21;18413
19;22;18498
19;23;18557
19;24;18990
19;25;19018
19;26;19022
19;27;19113
19;28;19133
19;29;19135
19;30;19140
19;31;19144
19;32;19155
20;1;12628
20;2;13179
20;3;13703
20;4;14283
20;5;14728
20;6;14816
20;7;14881
20;8;14955
20;9;15235
20;10;15393
20;11;15489
20;12;15790
20;13;15881
20;14;15910
20;15;15998
20;16;16585
20;17;16993
20;18;17024
20;19;17477
20;20;18019
20;21;18068
20;22;18185
20;23;18245
20;24;18358
20;25;18472
20;26;18492
20;27;18537
20;28;18903
20;29;19016
20;30;19017
20;31;19019
20;32;19020
20;33;19055
20;34;19115
20;35;19126
20;36;19135
20;37;19140
20;38;19164
21;1;10626
21;2;10739
21;3;11308
21;4;11884
21;5;12342
21;6;12456
21;7;12484
21;8;12858
21;9;13350
21;10;13445
21;11;13466
21;12;13930
21;13;14454
21;14;14946
21;15;15384
21;16;15433
21;17;15464
21;18;16015
21;19;16591
21;20;17088
21;21;17158
21;22;17271
21;23;17858
21;24;17899
21;25;17931
21;26;18282
21;27;18323
21;28;18364
21;29;18418
21;30;18459
21;31;18930
21;32;18989
21;33;19011
21;34;19029
21;35;19093
21;36;19124
21;37;19135
22;1;12067
22;2;12669
22;3;13330
22;4;13441
22;5;13899
22;6;14311
22;7;14731
22;8;14757
22;9;15333
22;10;15920
22;11;15955
22;12;16051
22;13;16529
22;14;16642
22;15;17240
22;16;17731
22;17;17826
22;18;18397
22;19;18399
22;20;18512
22;21;18521
22;22;18532
22;23;18564
22;24;18590
22;25;18957
22;26;18974
22;27;18975
22;28;18986
22;29;19010
22;30;19105
22;31;19131
22;32;19146
22;33;19194
22;34;19204
22;35;19205
23;1;12100
23;2;12111
23;3;12132
23;4;12708
23;5;13230
23;6;13343
23;7;13460
23;8;13785
23;9;14264
23;10;14334
23;11;14393
23;12;15019
23;13;15594
23;14;15988
23;15;16603
23;16;16630
23;17;16665
23;18;16685
23;19;17272
23;20;17293
23;21;17294
23;22;17372
23;23;17794
23;24;18275
23;25;18303
23;26;18312
23;27;18325
23;28;18366
23;29;18397
23;30;19001
23;31;19096
23;32;19102
23;33;19110
23;34;19131
23;35;19152
23;36;19172
23;37;19181
23;38;19204
23;39;19205
23;40;19213
24;1;11918
24;2;12469
24;3;13014
24;4;13584
24;5;13602
24;6;14094
24;7;14553
24;8;14581
24;9;14607
24;10;14720
24;11;15128
24;12;15730
24;13;16317
24;14;16358
24;15;16483
24;16;16830
24;17;16908
24;18;16967
24;19;17006
24;20;17528
24;21;17606
24;22;18020
24;23;18327
24;24;18438
24;25;18462
24;26;18470
24;27;18873
24;28;18899
24;29;18928
24;30;18948
24;31;19015
24;32;19064
24;33;19093
24;34;19094
24;35;19154
24;36;19160
24;37;19190
24;38;19205
25;1;12743
25;2;12754
25;3;13322
25;4;13760
25;5;14329
25;6;14417
25;7;14878
25;8;14899
25;9;15391
25;10;15941
25;11;15962
25;12;16057
25;13;16633
25;14;16995
25;15;17533
25;16;17553
25;17;17612
25;18;17703
25;19;18172
25;20;18280
25;21;18772
25;22;18790
25;23;18816
25;24;18927
25;25;19001
25;26;19010
25;27;19039
25;28;19047
25;29;19053
25;30;19076
25;31;19118
25;32;19164
26;1;13512
26;2;13547
26;3;13664
26;4;14268
26;5;14802
26;6;14861
26;7;15429
26;8;16005
26;9;16130
26;10;16208
26;11;16258
26;12;16640
26;13;17160
26;14;17191
26;15;17245
26;16;17280
26;17;17742
26;18;18226
26;19;18733
26;20;18850
26;21;18862
26;22;18912
26;23;18938
26;24;18951
26;25;18968
26;26;18977
26;27;19005
26;28;19025
26;29;19027
26;30;19049
26;31;19057
26;32;19066
26;33;19126
26;34;19135
27;1;12563
27;2;13103
27;3;13114
27;4;13209
27;5;13859
27;6;14449
27;7;15047
27;8;15058
27;9;15076
27;10;15117
27;11;15551
27;12;15965
27;13;16552
27;14;16560
27;15;16648
27;16;17111
27;17;17139
27;18;17168
27;19;17194
27;20;17765
27;21;17853
27;22;17873
27;23;17884
27;24;17933
27;25;18398
27;26;18491
27;27;18522
27;28;19064
27;29;19105
27;30;19109
27;31;19130
27;32;19173
27;33;19191
27;34;19211
27;35;19213
28;1;11910
28;2;12424
28;3;12833
28;4;12851
28;5;12964
28;6;13533
28;7;14007
28;8;14465
28;9;14987
28;10;15449
28;11;15976
28;12;16087
28;13;16685
28;14;16696
28;15;16698
28;16;17240
28;17;17260
28;18;17286
28;19;17345
28;20;17858
28;21;17907
28;22;18350
28;23;18811
28;24;18924
28;25;19041
28;26;19061
28;27;19072
28;28;19075
28;29;19077
28;30;19096
28;31;19106
28;32;19117
28;33;19135
29;1;10932
29;2;11040
29;3;11068
29;4;11561
29;5;11997
29;6;12510
29;7;12528
29;8;13068
29;9;13117
29;10;13686
29;11;14256
29;12;14846
29;13;15397
29;14;15451
29;15;15546
29;16;15613
29;17;16106
29;18;16107
29;19;16224
29;20;16337
29;21;16462
29;22;16482
29;23;16941
29;24;17433
29;25;17944
29;26;18061
29;27;18110
29;28;18572
29;29;18588
29;30;18591
29;31;18686
29;32;18696
29;33;18983
29;34;19042
29;35;19091
29;36;19109
29;37;19140
29;38;19183
29;39;19187
29;40;19193
29;41;19213
30;1;11678
30;2;12254
30;3;12761
30;4;13336
30;5;13843
30;6;14356
30;7;14451
30;8;15038
30;9;15058
30;10;15455
30;11;16060
30;12;16720
30;13;17045
30;14;17141
30;15;17173
30;16;17771
30;17;18307
30;18;18747
30;19;18843
30;20;18872
30;21;18985
30;22;19015
30;23;19064
30;24;19065
30;25;19068
30;26;19094
30;27;19140
30;28;19164
31;1;13804
31;2;14280
31;3;14849
31;4;14908
31;5;14968
31;6;15629
31;7;16234
31;8;16612
31;9;16662
31;10;17184
31;11;17266
31;12;17695
31;13;18186
31;14;18299
31;15;18710
31;16;18810
31;17;18821
31;18;18938
31;19;18977
31;20;18992
31;21;19010
31;22;19014
31;23;19035
31;24;19064
31;25;19086
31;26;19097
31;27;19107
31;28;19127
31;29;19136
32;1;10441
32;2;10983
32;3;11097
32;4;11210
32;5;11327
32;6;11914
32;7;12529
32;8;12870
32;9;13384
32;10;13433
32;11;13794
32;12;14311
32;13;14838
32;14;15407
32;15;15524
32;16;15555
32;17;15977
32;18;16081
32;19;16657
32;20;16722
32;21;17283
32;22;17342
32;23;17893
32;24;17924
32;25;18370
32;26;18401
32;27;18449
32;28;18477
32;29;18573
32;30;18851
32;31;18899
32;32;18920
32;33;18969
32;34;18989
32;35;19011
32;36;19109
32;37;19118
32;38;19153
32;39;19154
32;40;19202
32;41;19213
33;1;14438
33;2;14960
33;3;15501
33;4;15516
33;5;15989
33;6;16612
33;7;16720
33;8;17240
33;9;17732
33;10;17773
33;11;18189
33;12;18716
33;13;18775
33;14;18824
33;15;18841
33;16;18884
33;17;18913
33;18;18915
33;19;18974
33;20;19028
33;21;19039
33;22;19062
33;23;19088
33;24;19092
33;25;19109
33;26;19111
33;27;19135
33;28;19136
34;1;12062
34;2;12520
34;3;12569
34;4;13143
34;5;13670
34;6;14094
34;7;14114
34;8;14697
34;9;15248
34;10;15889
34;11;15909
34;12;15940
34;13;16468
34;14;16486
34;15;16603
34;16;17102
34;17;17127
34;18;17141
34;19;17532
34;20;17563
34;21;17604
34;22;17733
34;23;17759
34;24;17800
34;25;18248
34;26;18361
34;27;18826
34;28;18859
34;29;18913
34;30;19026
34;31;19076
34;32;19135
35;1;13733
35;2;14207
35;3;14302
35;4;14328
35;5;14726
35;6;14813
35;7;15364
35;8;15405
35;9;15702
35;10;15728
35;11;15841
35;12;15958
35;13;16418
35;14;16976
35;15;17547
35;16;17655
35;17;17705
35;18;17800
35;19;17802
35;20;17893
35;21;18364
35;22;18442
35;23;18491
35;24;18508
35;25;18529
35;26;18917
35;27;18928
35;28;19034
35;29;19044
35;30;19087
35;31;19089
35;32;19094
35;33;19097
35;34;19143
35;35;19155
36;1;13556
36;2;13567
36;3;13587
36;4;14039
36;5;14553
36;6;15129
36;7;15576
36;8;15639
36;9;16131
36;10;16181
36;11;16207
36;12;16302
36;13;16871
36;14;16988
36;15;17558
36;16;18069
36;17;18525
36;18;18561
36;19;18620
36;20;18626
36;21;19024
36;22;19073
36;23;19157
36;24;19164
36;25;19168
36;26;19190
36;27;19191
36;28;19205
37;1;13666
37;2;14215
37;3;14264
37;4;14737
37;5;15419
37;6;15448
37;7;15479
37;8;15533
37;9;15629
37;10;16074
37;11;16536
37;12;17123
37;13;17170
37;14;17579
37;15;17618
37;16;17731
37;17;17766
37;18;17877
37;19;17972
37;20;18336
37;21;18354
37;22;18358
37;23;18824
37;24;18912
37;25;18972
37;26;18983
37;27;19079
37;28;19100
37;29;19102
37;30;19122
37;31;19155
37;32;19164
38;1;11589
38;2;12102
38;3;12689
38;4;13294
38;5;13830
38;6;14305
38;7;14686
38;8;15368
38;9;15379
38;10;15490
38;11;15598
38;12;16041
38;13;16047
38;14;16142
38;15;16634
38;16;16665
38;17;16761
38;18;17137
38;19;17680
38;20;18284
38;21;18392
38;22;18415
38;23;18964
38;24;18984
38;25;19020
38;26;19024
38;27;19062
38;28;19064
38;29;19069
38;30;19096
38;31;19109
38;32;19129
38;33;19135
39;1;10374
39;2;10469
39;3;11084
39;4;11633
39;5;12223
39;6;12736
39;7;13287
39;8;13445
39;9;14050
39;10;14563
39;11;14930
39;12;14979
39;13;15046
39;14;15597
39;15;15598
39;16;16057
39;17;16174
39;18;16192
39;19;16321
39;20;16840
39;21;17297
39;22;17346
39;23;17375
39;24;17905
39;25;18309
39;26;18329
39;27;18333
39;28;18458
39;29;18545
39;30;18574
39;31;18624
39;32;19117
39;33;19126
39;34;19155
40;1;11579
40;2;12092
40;3;12697
40;4;12726
40;5;13297
40;6;13669
40;7;14161
40;8;14256
40;9;14814
40;10;14868
40;11;14981
40;12;15409
40;13;15427
40;14;15936
40;15;16049
40;16;16080
40;17;16498
40;18;16547
40;19;16672
40;20;17241
40;21;17358
40;22;17364
40;23;17382
40;24;17392
40;25;17429
40;26;17489
40;27;17511
40;28;17552
40;29;17889
40;30;17947
40;31;17996
40;32;18401
40;33;18843
40;34;18851
40;35;18881
40;36;18998
40;37;19093
40;38;19130
40;39;19189
40;40;19190
40;41;19205
41;1;14426
41;2;14896
41;3;15494
41;4;15652
41;5;16103
41;6;16216
41;7;16763
41;8;16804
41;9;16864
41;10;17287
41;11;17328
41;12;17357
41;13;17859
41;14;17894
41;15;17915
41;16;18252
41;17;18297
41;18;18754
41;19;18772
41;20;18801
41;21;18879
41;22;18965
41;23;19049
41;24;19078
41;25;19121
41;26;19133
41;27;19141
41;28;19143
41;29;19155
42;1;11114
42;2;11650
42;3;11661
42;4;11710
42;5;12184
42;6;12215
42;7;12668
42;8;12709
42;9;13240
42;10;13732
42;11;13782
42;12;14277
42;13;14751
42;14;14909
42;15;15520
42;16;15548
42;17;16118
42;18;16556
42;19;16673
42;20;17267
42;21;17836
42;22;17895
42;23;17903
42;24;18366
42;25;18424
42;26;18445
42;27;18874
42;28;18985
42;29;19035
42;30;19046
42;31;19055
42;32;19090
42;33;19139
42;34;19161
42;35;19195
42;36;19213
43;1;12286
43;2;12744
43;3;12803
43;4;13355
43;5;13906
43;6;13966
43;7;13995
43;8;14564
43;9;14593
43;10;15168
43;11;15690
43;12;16175
43;13;16193
43;14;16288
43;15;16716
43;16;16720
43;17;16833
43;18;17226
43;19;17753
43;20;17784
43;21;17815
43;22;17834
43;23;17930
43;24;18041
43;25;18359
43;26;18366
43;27;18416
43;28;18438
43;29;18474
43;30;18534
43;31;18562
43;32;19106
43;33;19115
43;34;19126
43;35;19146
43;36;19150
43;37;19193
43;38;19204
43;39;19205
43;40;19213
44;1;12488
44;2;12514
44;3;12532
44;4;12928
44;5;13441
44;6;13976
44;7;14552
44;8;14660
44;9;14681
44;10;14709
44;11;15324
44;12;15799
44;13;15834
44;14;15916
44;15;15947
44;16;15976
44;17;16433
44;18;17004
44;19;17033
44;20;17529
44;21;17578
44;22;18015
44;23;18132
44;24;18152
44;25;18707
44;26;18802
44;27;18816
44;28;18894
44;29;18916
44;30;19011
44;31;19032
44;32;19066
44;33;19125
44;34;19127
44;35;19155
44;36;19164
44;37;19193
44;38;19205
44;39;19213
45;1;13542
45;2;14076
45;3;14094
45;4;14143
45;5;14694
45;6;15298
45;7;15687
45;8;16285
45;9;16723
45;10;17262
45;11;17894
45;12;17913
45;13;17942
45;14;18059
45;15;18436
45;16;18496
45;17;18522
45;18;18571
45;19;18582
45;20;18859
45;21;18950
45;22;18978
45;23;18998
45;24;19009
45;25;19017
45;26;19112
45;27;19114
45;28;19126
46;1;13009
46;2;13501
46;3;13530
46;4;14009
46;5;14077
46;6;14497
46;7;14610
46;8;15071
46;9;15547
46;10;16094
46;11;16549
46;12;16560
46;13;16674
46;14;17210
46;15;17323
46;16;17761
46;17;17773
46;18;17791
46;19;18344
46;20;18461
46;21;18479
46;22;18495
46;23;18513
46;24;18534
46;25;19025
46;26;19029
46;27;19079
46;28;19081
46;29;19141
46;30;19153
46;31;19179
46;32;19190
46;33;19193
46;34;19205
47;1;9020
47;2;9040
47;3;9135
47;4;9722
47;5;10242
47;6;10846
47;7;11319
47;8;11669
47;9;12059
47;10;12691
47;11;12708
47;12;13277
47;13;13298
47;14;13329
47;15;13388
47;16;13437
47;17;13912
47;18;14488
47;19;14508
47;20;14922
47;21;15463
47;22;15492
47;23;16097
47;24;16690
47;25;16788
47;26;16845
47;27;17290
47;28;17339
47;29;17434
47;30;17518
47;31;17553
47;32;18074
47;33;18492
47;34;18533
47;35;18709
47;36;18710
47;37;18823
47;38;18864
47;39;18882
47;40;18919
47;41;18921
47;42;18970
47;43;18981
47;44;18998
47;45;19021
47;46;19028
47;47;19039
47;48;19117
47;49;19126
47;50;19135
47;51;19136
48;1;13619
48;2;14111
48;3;14537
48;4;15016
48;5;15047
48;6;15651
48;7;15673
48;8;16249
48;9;16360
48;10;16929
48;11;17043
48;12;17201
48;13;17573
48;14;17577
48;15;17989
48;16;18097
48;17;18699
48;18;18812
48;19;18903
48;20;18999
48;21;19037
48;22;19038
48;23;19097
48;24;19126
48;25;19137
48;26;19141
48;27;19143
48;28;19155
49;1;13944
49;2;14417
49;3;14455
49;4;15004
49;5;15485
49;6;15977
49;7;16452
49;8;17021
49;9;17597
49;10;17656
49;11;17665
49;12;18141
49;13;18236
49;14;18288
49;15;18396
49;16;18461
49;17;18492
49;18;18542
49;19;19064
49;20;19066
49;21;19094
49;22;19101
49;23;19112
49;24;19165
49;25;19171
49;26;19185
49;27;19205
50;1;12815
50;2;12940
50;3;12971
50;4;13409
50;5;14024
50;6;14601
50;7;15059
50;8;15114
50;9;15577
50;10;16017
50;11;16035
50;12;16084
50;13;16112
50;14;16147
50;15;16260
50;16;16365
50;17;16386
50;18;16689
50;19;17240
50;20;17290
50;21;17603
50;22;17662
50;23;17775
50;24;17786
50;25;17853
50;26;18262
50;27;18283
50;28;18311
50;29;18422
50;30;18728
50;31;18757
50;32;18852
50;33;18965
50;34;19082
50;35;19125
50;36;19155
50;37;19162
50;38;19164
51;1;12072
51;2;12180
51;3;12613
51;4;13188
51;5;13778
51;6;13895
51;7;14385
51;8;14898
51;9;15468
51;10;15546
51;11;16015
51;12;16676
51;13;16736
51;14;16814
51;15;17178
51;16;17782
51;17;17805
51;18;17918
51;19;18155
51;20;18237
51;21;18239
51;22;18273
51;23;18322
51;24;18392
51;25;18412
51;26;18423
51;27;18427
51;28;18447
51;29;18471
51;30;18855
51;31;18915
51;32;18946
51;33;19024
51;34;19036
51;35;19039
51;36;19043
51;37;19054
51;38;19095
51;39;19124
51;40;19133
51;41;19135
52;1;12410
52;2;12819
52;3;13257
52;4;13861
52;5;14466
52;6;15064
52;7;15118
52;8;15200
52;9;15692
52;10;16039
52;11;16050
52;12;16079
52;13;16129
52;14;16213
52;15;16254
52;16;16686
52;17;16697
52;18;17160
52;19;17676
52;20;18011
52;21;18106
52;22;18135
52;23;18166
52;24;18176
52;25;18276
52;26;18294
52;27;18305
52;28;18382
52;29;18795
52;30;18886
52;31;18927
52;32;19040
52;33;19066
52;34;19084
52;35;19127
52;36;19136
53;1;12080
53;2;12193
53;3;12221
53;4;12791
53;5;13414
53;6;13945
53;7;14483
53;8;14862
53;9;15376
53;10;15405
53;11;15423
53;12;15452
53;13;15999
53;14;16501
53;15;16519
53;16;16597
53;17;16619
53;18;17045
53;19;17102
53;20;17161
53;21;17187
53;22;17188
53;23;17572
53;24;17607
53;25;17723
53;26;17776
53;27;17854
53;28;17913
53;29;17931
53;30;18420
53;31;18437
53;32;18487
53;33;18515
53;34;18541
53;35;18558
53;36;18562
53;37;18950
53;38;19058
53;39;19089
53;40;19167
53;41;19175
53;42;19187
53;43;19189
53;44;19190
53;45;19205
54;1;9961
54;2;10474
54;3;10533
54;4;11051
54;5;11524
54;6;12139
54;7;12247
54;8;12705
54;9;12726
54;10;12822
54;11;13314
54;12;13806
54;13;14346
54;14;14431
54;15;14923
54;16;15429
54;17;16033
54;18;16158
54;19;16275
54;20;16620
54;21;16681
54;22;16794
54;23;17330
54;24;17358
54;25;17743
54;26;17797
54;27;17856
54;28;18265
54;29;18314
54;30;18350
54;31;18432
54;32;18902
54;33;18960
54;34;18971
54;35;19005
54;36;19016
54;37;19044
54;38;19059
54;39;19119
54;40;19122
54;41;19149
54;42;19190
54;43;19211
54;44;19213
55;1;11284
55;2;11824
55;3;12399
55;4;12912
55;5;13370
55;6;13808
55;7;13836
55;8;14201
55;9;14218
55;10;14769
55;11;14804
55;12;14870
55;13;14899
55;14;14941
55;15;15000
55;16;15113
55;17;15204
55;18;15726
55;19;16297
55;20;16341
55;21;16733
55;22;16782
55;23;16841
55;24;16859
55;25;16909
55;26;16927
55;27;16945
55;28;17366
55;29;17711
55;30;17742
55;31;17801
55;32;18405
55;33;18431
55;34;18508
55;35;18526
55;36;18872
55;37;18874
55;38;18915
55;39;18933
55;40;18934
55;41;18988
55;42;19011
55;43;19029
55;44;19031
55;45;19034
55;46;19072
55;47;19121
55;48;19124
55;49;19135
56;1;13132
56;2;13245
56;3;13847
56;4;14382
56;5;14840
56;6;14954
56;7;15499
56;8;15941
56;9;16318
56;10;16372
56;11;16378
56;12;16495
56;13;16523
56;14;17007
56;15;17052
56;16;17510
56;17;18086
56;18;18097
56;19;18182
56;20;18210
56;21;18321
56;22;18416
56;23;18992
56;24;19003
56;25;19007
56;26;19025
56;27;19103
56;28;19113
56;29;19124
56;30;19126
56;31;19135
57;1;13249
57;2;13839
57;3;14375
57;4;14962
57;5;15499
57;6;16068
57;7;16498
57;8;16611
57;9;16661
57;10;16664
57;11;16702
57;12;17181
57;13;17207
57;14;17620
57;15;17641
57;16;17662
57;17;18164
57;18;18197
57;19;18251
57;20;18280
57;21;18397
57;22;18427
57;23;18445
57;24;18480
57;25;18942
57;26;18943
57;27;19036
57;28;19047
57;29;19067
57;30;19099
57;31;19116
57;32;19127
58;1;12931
58;2;13342
58;3;13864
58;4;13914
58;5;14405
58;6;15003
58;7;15021
58;8;15570
58;9;16061
58;10;16449
58;11;16566
58;12;16576
58;13;16577
58;14;16607
58;15;16612
58;16;16641
58;17;17211
58;18;17786
58;19;17845
58;20;17874
58;21;18401
58;22;18514
58;23;18550
58;24;18887
58;25;18946
58;26;18995
58;27;19008
58;28;19043
58;29;19121
58;30;19170
58;31;19171
58;32;19205
59;1;14293
59;2;14726
59;3;14772
59;4;14800
59;5;15181
59;6;15292
59;7;15766
59;8;16341
59;9;16362
59;10;16393
59;11;16417
59;12;16507
59;13;17105
59;14;17131
59;15;17682
59;16;17715
59;17;17735
59;18;18227
59;19;18262
59;20;18292
59;21;18794
59;22;18889
59;23;19002
59;24;19016
59;25;19017
59;26;19018
59;27;19029
59;28;19124
59;29;19126
59;30;19135
59;31;19144
59;32;19155
59;33;19164
60;1;11173
60;2;11665
60;3;12218
60;4;12296
60;5;12898
60;6;13389
60;7;13452
60;8;13965
60;9;14505
60;10;14963
60;11;15303
60;12;15332
60;13;15457
60;14;15570
60;15;16110
60;16;16714
60;17;16743
60;18;16802
60;19;17309
60;20;17826
60;21;17894
60;22;17914
60;23;18157
60;24;18274
60;25;18279
60;26;18339
60;27;18357
60;28;18694
60;29;18729
60;30;18837
60;31;18914
60;32;18932
60;33;18949
60;34;19008
60;35;19026
60;36;19027
60;37;19076
60;38;19097
60;39;19129
60;40;19133
60;41;19135
60;42;19143
60;43;19155
61;1;12664
61;2;13179
61;3;13197
61;4;13216
61;5;13669
61;6;14193
61;7;14214
61;8;14234
61;9;14329
61;10;14407
61;11;14477
61;12;15028
61;13;15106
61;14;15117
61;15;15693
61;16;15702
61;17;15997
61;18;16059
61;19;16141
61;20;16159
61;21;16735
61;22;17275
61;23;17301
61;24;17322
61;25;17351
61;26;17926
61;27;17946
61;28;17964
61;29;18437
61;30;18554
61;31;18929
61;32;19046
61;33;19106
61;34;19114
61;35;19134
61;36;19141
61;37;19190
61;38;19192
61;39;19204
61;40;19205
62;1;11811
62;2;12351
62;3;12902
62;4;12996
62;5;13109
62;6;13651
62;7;13720
62;8;14281
62;9;14389
62;10;14477
62;11;14952
62;12;15472
62;13;15563
62;14;16051
62;15;16620
62;16;17222
62;17;17239
62;18;17288
62;19;17805
62;20;17900
62;21;17910
62;22;18248
62;23;18252
62;24;18279
62;25;18329
62;26;18710
62;27;18769
62;28;18881
62;29;18939
62;30;18957
62;31;18978
62;32;18998
62;33;19026
62;34;19033
62;35;19044
62;36;19071
62;37;19079
62;38;19089
62;39;19111
62;40;19126
63;1;13720
63;2;13798
63;3;13827
63;4;13848
63;5;13918
63;6;14487
63;7;14854
63;8;14872
63;9;14886
63;10;15331
63;11;15426
63;12;15454
63;13;15579
63;14;15638
63;15;15987
63;16;16022
63;17;16573
63;18;16593
63;19;16643
63;20;16760
63;21;17347
63;22;17872
63;23;17890
63;24;18368
63;25;18983
63;26;19078
63;27;19099
63;28;19103
63;29;19132
63;30;19162
63;31;19164
64;1;12098
64;2;12193
64;3;12289
64;4;12775
64;5;12792
64;6;12821
64;7;13389
64;8;13862
64;9;14438
64;10;14439
64;11;15054
64;12;15072
64;13;15530
64;14;16160
64;15;16186
64;16;16246
64;17;16673
64;18;16714
64;19;17076
64;20;17107
64;21;17189
64;22;17210
64;23;17257
64;24;17374
64;25;17827
64;26;17886
64;27;17935
64;28;17972
64;29;18372
64;30;18479
64;31;18507
64;32;18844
64;33;18875
64;34;18886
64;35;18895
64;36;18899
64;37;18958
64;38;19053
64;39;19073
64;40;19091
64;41;19099
64;42;19121
64;43;19124
64;44;19144
64;45;19148
64;46;19191
64;47;19205
65;1;13131
65;2;13672
65;3;13677
65;4;14248
65;5;14597
65;6;15082
65;7;15520
65;8;16055
65;9;16105
65;10;16136
65;11;16231
65;12;16342
65;13;16622
65;14;17220
65;15;17766
65;16;18342
65;17;18455
65;18;18514
65;19;18518
65;20;18956
65;21;18991
65;22;18993
65;23;19021
65;24;19024
65;25;19026
65;26;19045
65;27;19048
65;28;19074
65;29;19095
65;30;19133
65;31;19135
66;1;14189
66;2;14259
66;3;14775
66;4;15351
66;5;15419
66;6;15494
66;7;15967
66;8;15988
66;9;16592
66;10;17194
66;11;17311
66;12;17321
66;13;17936
66;14;18286
66;15;18394
66;16;18396
66;17;18435
66;18;18484
66;19;18519
66;20;19087
66;21;19090
66;22;19100
66;23;19103
66;24;19146
66;25;19166
66;26;19182
66;27;19184
66;28;19204
66;29;19205
67;1;11471
67;2;11566
67;3;11577
67;4;12129
67;5;12680
67;6;13064
67;7;13159
67;8;13734
67;9;14303
67;10;14315
67;11;14891
67;12;14909
67;13;14958
67;14;15433
67;15;16094
67;16;16691
67;17;17092
67;18;17187
67;19;17662
67;20;18238
67;21;18329
67;22;18386
67;23;18393
67;24;18434
67;25;18453
67;26;18629
67;27;18697
67;28;18822
67;29;18842
67;30;18917
67;31;19030
67;32;19042
67;33;19050
67;34;19100
67;35;19130
67;36;19134
67;37;19136
68;1;10782
68;2;11256
68;3;11832
68;4;12235
68;5;12777
68;6;12827
68;7;13250
68;8;13826
68;9;13939
68;10;13961
68;11;14056
68;12;14659
68;13;14687
68;14;15236
68;15;15772
68;16;16297
68;17;16734
68;18;17094
68;19;17125
68;20;17665
68;21;17696
68;22;17787
68;23;18245
68;24;18362
68;25;18372
68;26;18373
68;27;18432
68;28;18452
68;29;18791
68;30;18809
68;31;18897
68;32;18912
68;33;19011
68;34;19029
68;35;19057
68;36;19068
68;37;19088
68;38;19109
68;39;19111
68;40;19124
68;41;19135
69;1;12206
69;2;12782
69;3;13369
69;4;13920
69;5;14033
69;6;14569
69;7;15137
69;8;15706
69;9;16228
69;10;16316
69;11;16846
69;12;17507
69;13;17876
69;14;18367
69;15;18407
69;16;18436
69;17;18462
69;18;18954
69;19;18988
69;20;18991
69;21;19050
69;22;19062
69;23;19067
69;24;19074
69;25;19100
69;26;19135
69;27;19159
69;28;19170
69;29;19213
70;1;13905
70;2;14418
70;3;14513
70;4;14630
70;5;14679
70;6;14738
70;7;15314
70;8;15776
70;9;16222
70;10;16271
70;11;16770
70;12;16819
70;13;17311
70;14;17313
70;15;17324
70;16;17406
70;17;17709
70;18;18183
70;19;18250
70;20;18363
70;21;18806
70;22;18857
70;23;18965
70;24;19025
70;25;19035
70;26;19041
70;27;19044
70;28;19047
70;29;19075
70;30;19088
70;31;19123
70;32;19166
70;33;19204
70;34;19205
71;1;12271
71;2;12903
71;3;12931
71;4;13444
71;5;14019
71;6;14030
71;7;14144
71;8;14239
71;9;14574
71;10;14608
71;11;15024
71;12;15045
71;13;15099
71;14;15646
71;15;16189
71;16;16556
71;17;16920
71;18;17037
71;19;17075
71;20;17651
71;21;17711
71;22;17765
71;23;18107
71;24;18161
71;25;18182
71;26;18719
71;27;18806
71;28;18814
71;29;18817
71;30;18821
71;31;18841
71;32;18845
71;33;18858
71;34;18908
71;35;18915
71;36;18927
71;37;19022
71;38;19044
71;39;19046
71;40;19102
71;41;19122
71;42;19172
71;43;19181
71;44;19190
71;45;19213
72;1;12276
72;2;12601
72;3;12660
72;4;12756
72;5;13178
72;6;13196
72;7;13669
72;8;13698
72;9;14211
72;10;14299
72;11;14320
72;12;14346
72;13;14387
72;14;14991
72;15;15483
72;16;15502
72;17;16041
72;18;16563
72;19;16676
72;20;17106
72;21;17182
72;22;17786
72;23;17789
72;24;18350
72;25;18410
72;26;18430
72;27;18436
72;28;18465
72;29;18940
72;30;18958
72;31;18967
72;32;19062
72;33;19080
72;34;19083
72;35;19103
72;36;19133
72;37;19135
73;1;12240
73;2;12810
73;3;13408
73;4;13869
73;5;13918
73;6;14032
73;7;14042
73;8;14564
73;9;14904
73;10;15000
73;11;15049
73;12;15585
73;13;15606
73;14;16147
73;15;16243
73;16;16733
73;17;16750
73;18;17325
73;19;17335
73;20;17393
73;21;17405
73;22;17760
73;23;17832
73;24;17844
73;25;17885
73;26;18218
73;27;18302
73;28;18320
73;29;18746
73;30;18775
73;31;18866
73;32;18961
73;33;19057
73;34;19091
73;35;19121
73;36;19135
73;37;19155
74;1;12698
74;2;13330
74;3;13945
74;4;14419
74;5;14448
74;6;14791
74;7;15378
74;8;15438
74;9;16006
74;10;16059
74;11;16063
74;12;16112
74;13;16208
74;14;16268
74;15;16866
74;16;17246
74;17;17822
74;18;17863
74;19;18453
74;20;18481
74;21;18551
74;22;18848
74;23;18879
74;24;18938
74;25;19016
74;26;19074
74;27;19133
74;28;19168
74;29;19182
74;30;19190
74;31;19211
74;32;19213
75;1;12754
75;2;13191
75;3;13795
75;4;14191
75;5;14304
75;6;14305
75;7;14383
75;8;14958
75;9;15046
75;10;15095
75;11;15587
75;12;16185
75;13;16640
75;14;17131
75;15;17191
75;16;17304
75;17;17335
75;18;17880
75;19;17885
75;20;18410
75;21;18443
75;22;18469
75;23;18480
75;24;18511
75;25;18939
75;26;18960
75;27;19010
75;28;19025
75;29;19029
75;30;19051
75;31;19059
75;32;19076
75;33;19105
75;34;19117
75;35;19135
75;36;19136
76;1;12064
76;2;12556
76;3;12673
76;4;13263
76;5;13289
76;6;13858
76;7;13914
76;8;14306
76;9;14850
76;10;14870
76;11;15493
76;12;15527
76;13;15644
76;14;16024
76;15;16102
76;16;16133
76;17;16201
76;18;16314
76;19;16742
76;20;17044
76;21;17094
76;22;17189
76;23;17568
76;24;17627
76;25;17694
76;26;17744
76;27;17840
76;28;18240
76;29;18264
76;30;18285
76;31;18358
76;32;18419
76;33;18447
76;34;18482
76;35;18500
76;36;18501
76;37;18520
76;38;19069
76;39;19090
76;40;19110
76;41;19127
77;1;13286
77;2;13808
77;3;14398
77;4;15003
77;5;15530
77;6;15571
77;7;16124
77;8;16241
77;9;16733
77;10;17304
77;11;17345
77;12;17394
77;13;17886
77;14;18311
77;15;18436
77;16;18803
77;17;18914
77;18;19039
77;19;19070
77;20;19071
77;21;19099
77;22;19103
77;23;19134
77;24;19188
77;25;19190
77;26;19213
78;1;13512
78;2;13993
78;3;14492
78;4;14936
78;5;15538
78;6;15646
78;7;15657
78;8;15670
78;9;16054
78;10;16065
78;11;16085
78;12;16174
78;13;16835
78;14;17277
78;15;17767
78;16;18242
78;17;18271
78;18;18289
78;19;18296
78;20;18828
78;21;18846
78;22;18848
78;23;18926
78;24;18928
78;25;18971
78;26;18982
78;27;18999
78;28;19077
78;29;19086
78;30;19103
78;31;19137
78;32;19141
78;33;19146
78;34;19163
78;35;19204
78;36;19205
79;1;13116
79;2;13692
79;3;14261
79;4;14704
79;5;15365
79;6;15855
79;7;15915
79;8;16464
79;9;16927
79;10;16947
79;11;17064
79;12;17107
79;13;17138
79;14;17197
79;15;17275
79;16;17898
79;17;18345
79;18;18393
79;19;18405
79;20;18496
79;21;18503
79;22;18599
79;23;18619
79;24;18649
79;25;18660
79;26;18680
79;27;19067
79;28;19145
79;29;19149
79;30;19165
79;31;19171
79;32;19190
79;33;19213
80;1;13684
80;2;14274
80;3;14732
80;4;15364
80;5;15795
80;6;16324
80;7;16420
80;8;16479
80;9;17081
80;10;17151
80;11;17641
80;12;17652
80;13;17712
80;14;17724
80;15;17783
80;16;17809
80;17;17877
80;18;18373
80;19;18481
80;20;18501
80;21;18525
80;22;18534
80;23;18564
80;24;18575
80;25;18624
80;26;18922
80;27;18947
80;28;18948
80;29;18949
80;30;19037
80;31;19057
80;32;19068
80;33;19103
80;34;19121
80;35;19135
80;36;19140
80;37;19155
80;38;19164
81;1;12764
81;2;13222
81;3;13701
81;4;14277
81;5;14750
81;6;14908
81;7;14948
81;8;14968
81;9;15347
81;10;15460
81;11;15477
81;12;15999
81;13;16631
81;14;16701
81;15;17164
81;16;17187
81;17;17282
81;18;17853
81;19;18327
81;20;18347
81;21;18351
81;22;18436
81;23;18531
81;24;18887
81;25;18978
81;26;18987
81;27;18994
81;28;19005
81;29;19009
81;30;19100
81;31;19126
82;1;12187
82;2;12738
82;3;13314
82;4;13342
82;5;13353
82;6;13371
82;7;13911
82;8;14424
82;9;15000
82;10;15413
82;11;15526
82;12;15586
82;13;15636
82;14;15995
82;15;16112
82;16;16207
82;17;16742
82;18;16801
82;19;17220
82;20;17238
82;21;17730
82;22;17759
82;23;17785
82;24;17787
82;25;17828
82;26;17941
82;27;18384
82;28;18441
82;29;18915
82;30;18919
82;31;19014
82;32;19025
82;33;19054
82;34;19075
82;35;19084
82;36;19102
82;37;19103
82;38;19123
82;39;19134
82;40;19136
83;1;14488
83;2;14576
83;3;15004
83;4;15477
83;5;15978
83;6;16091
83;7;16696
83;8;17192
83;9;17262
83;10;17279
83;11;17297
83;12;17375
83;13;17401
83;14;17421
83;15;17895
83;16;17926
83;17;17952
83;18;18041
83;19;18062
83;20;18607
83;21;18611
83;22;18978
83;23;18979
83;24;19074
83;25;19103
83;26;19125
83;27;19155
84;1;12537
84;2;12572
84;3;13064
84;4;13082
84;5;13188
84;6;13764
84;7;14335
84;8;14886
84;9;14972
84;10;15533
84;11;16017
84;12;16052
84;13;16525
84;14;16607
84;15;16642
84;16;16669
84;17;16689
84;18;17330
84;19;17817
84;20;17824
84;21;18277
84;22;18288
84;23;18316
84;24;18338
84;25;18398
84;26;18506
84;27;18532
84;28;18561
84;29;18596
84;30;18616
84;31;18984
84;32;19043
84;33;19103
84;34;19115
84;35;19126
84;36;19135
85;1;11230
85;2;11772
85;3;11774
85;4;12341
85;5;12931
85;6;13546
85;7;14087
85;8;14141
85;9;14635
85;10;14730
85;11;15335
85;12;15857
85;13;15974
85;14;16539
85;15;17143
85;16;17239
85;17;17364
85;18;17913
85;19;18489
85;20;18548
85;21;19014
85;22;19031
85;23;19049
85;24;19109
85;25;19129
85;26;19133
85;27;19135
86;1;13223
86;2;13340
86;3;13908
86;4;14512
86;5;14625
86;6;15129
86;7;15705
86;8;15725
86;9;16148
86;10;16750
86;11;16785
86;12;17223
86;13;17765
86;14;18127
86;15;18223
86;16;18314
86;17;18377
86;18;18426
86;19;18448
86;20;18483
86;21;18932
86;22;18950
86;23;19016
86;24;19044
86;25;19099
86;26;19140
86;27;19155
87;1;13196
87;2;13723
87;3;14245
87;4;14305
87;5;14797
87;6;14911
87;7;15475
87;8;15911
87;9;15942
87;10;16384
87;11;16462
87;12;16576
87;13;16689
87;14;17226
87;15;17384
87;16;17744
87;17;17822
87;18;18412
87;19;18465
87;20;18499
87;21;18519
87;22;18993
87;23;19004
87;24;19099
87;25;19158
87;26;19162
87;27;19188
87;28;19191
87;29;19193
87;30;19205
88;1;10927
88;2;11449
88;3;11468
88;4;12039
88;5;12553
88;6;12585
88;7;13142
88;8;13746
88;9;14262
88;10;14831
88;11;14862
88;12;14957
88;13;15420
88;14;15956
88;15;16395
88;16;16449
88;17;16490
88;18;17088
88;19;17108
88;20;17143
88;21;17257
88;22;17703
88;23;17722
88;24;17729
88;25;18361
88;26;18410
88;27;18414
88;28;18509
88;29;18537
88;30;18548
88;31;19018
88;32;19022
88;33;19078
88;34;19096
88;35;19124
88;36;19128
88;37;19131
88;38;19138
88;39;19181
88;40;19190
88;41;19211
88;42;19213
89;1;13783
89;2;14319
89;3;14861
89;4;15396
89;5;15427
89;6;15480
89;7;15558
89;8;15990
89;9;16103
89;10;16125
89;11;16617
89;12;16677
89;13;16708
89;14;16825
89;15;17415
89;16;17703
89;17;17731
89;18;18301
89;19;18351
89;20;18369
89;21;18419
89;22;18439
89;23;18457
89;24;18488
89;25;18517
89;26;19037
89;27;19096
89;28;19116
89;29;19118
89;30;19133
89;31;19135
89;32;19136
90;1;11770
90;2;12393
90;3;12885
90;4;13490
90;5;14077
90;6;14097
90;7;14619
90;8;15188
90;9;15764
90;10;16315
90;11;16374
90;12;16986
90;13;17331
90;14;17866
90;15;17979
90;16;18515
90;17;18550
90;18;18802
90;19;18919
90;20;19014
90;21;19075
90;22;19086
90;23;19121
90;24;19135
90;25;19170
90;26;19193
90;27;19194
90;28;19205
91;1;10963
91;2;11467
91;3;11959
91;4;11965
91;5;12588
91;6;13157
91;7;13248
91;8;13728
91;9;13757
91;10;13788
91;11;14261
91;12;14378
91;13;14396
91;14;14932
91;15;15508
91;16;15770
91;17;15861
91;18;16019
91;19;16133
91;20;16353
91;21;16448
91;22;16479
91;23;16507
91;24;16582
91;25;16695
91;26;16715
91;27;17212
91;28;17608
91;29;17626
91;30;17743
91;31;17875
91;32;17904
91;33;17970
91;34;17981
91;35;18437
91;36;18515
91;37;18574
91;38;18623
91;39;18641
91;40;18643
91;41;18647
91;42;19169
91;43;19177
91;44;19188
91;45;19211
91;46;19213
92;1;11859
92;2;12196
92;3;12743
92;4;12786
92;5;13362
92;6;13380
92;7;13411
92;8;13506
92;9;14047
92;10;14539
92;11;14561
92;12;15083
92;13;15178
92;14;15237
92;15;15698
92;16;15726
92;17;15757
92;18;16177
92;19;16226
92;20;16669
92;21;16710
92;22;16745
92;23;17300
92;24;17317
92;25;17392
92;26;17423
92;27;18000
92;28;18400
92;29;18464
92;30;18522
92;31;18546
92;32;18572
92;33;18971
92;34;18994
92;35;19035
92;36;19036
92;37;19074
92;38;19099
92;39;19140
92;40;19183
92;41;19205
93;1;13201
93;2;13229
93;3;13787
93;4;14322
93;5;14430
93;6;14842
93;7;15289
93;8;15762
93;9;15840
93;10;15851
93;11;15944
93;12;15972
93;13;15992
93;14;16051
93;15;16528
93;16;16605
93;17;16718
93;18;17242
93;19;17667
93;20;17784
93;21;17813
93;22;17867
93;23;18212
93;24;18325
93;25;18483
93;26;18542
93;27;18949
93;28;18952
93;29;18972
93;30;19068
93;31;19097
93;32;19098
93;33;19115
93;34;19127
94;1;11790
94;2;12341
94;3;12466
94;4;12979
94;5;13548
94;6;13961
94;7;14377
94;8;14961
94;9;15551
94;10;15581
94;11;15641
94;12;15698
94;13;16143
94;14;16581
94;15;16630
94;16;17217
94;17;17295
94;18;17408
94;19;17792
94;20;17842
94;21;17891
94;22;17951
94;23;17969
94;24;17997
94;25;18028
94;26;18313
94;27;18348
94;28;18381
94;29;18410
94;30;18469
94;31;18815
94;32;18826
94;33;18911
94;34;18999
94;35;19010
94;36;19019
94;37;19031
94;38;19109
94;39;19129
94;40;19130
94;41;19136
95;1;10569
95;2;11116
95;3;11194
95;4;11668
95;5;11793
95;6;11888
95;7;12464
95;8;12966
95;9;13488
95;10;14118
95;11;14733
95;12;15225
95;13;15754
95;14;16133
95;15;16682
95;16;16795
95;17;17233
95;18;17253
95;19;17366
95;20;17377
95;21;17750
95;22;18352
95;23;18370
95;24;18374
95;25;18402
95;26;18497
95;27;18855
95;28;18939
95;29;18960
95;30;18964
95;31;18992
95;32;19012
95;33;19079
95;34;19082
95;35;19096
95;36;19114
95;37;19126
96;1;14822
96;2;15344
96;3;15738
96;4;15851
96;5;16422
96;6;16426
96;7;16485
96;8;16557
96;9;16971
96;10;16972
96;11;17547
96;12;17558
96;13;17617
96;14;17730
96;15;17759
96;16;18229
96;17;18278
96;18;18386
96;19;18457
96;20;18860
96;21;18889
96;22;18949
96;23;18972
96;24;18976
96;25;18990
96;26;19018
96;27;19038
96;28;19049
96;29;19053
96;30;19055
96;31;19056
96;32;19071
96;33;19104
96;34;19115
96;35;19127
97;1;10880
97;2;10968
97;3;11515
97;4;11673
97;5;11787
97;6;12279
97;7;12305
97;8;12418
97;9;12987
97;10;13018
97;11;13438
97;12;13492
97;13;14043
97;14;14071
97;15;14481
97;16;14522
97;17;14635
97;18;15050
97;19;15099
97;20;15686
97;21;15704
97;22;16279
97;23;16855
97;24;17299
97;25;17766
97;26;17826
97;27;18336
97;28;18453
97;29;19024
97;30;19033
97;31;19051
97;32;19100
97;33;19111
97;34;19112
97;35;19127
98;1;15413
98;2;15869
98;3;16320
98;4;16871
98;5;16967
98;6;17027
98;7;17144
98;8;17226
98;9;17769
98;10;18321
98;11;18356
98;12;18728
98;13;18756
98;14;18785
98;15;18902
98;16;18980
98;17;19016
98;18;19036
98;19;19086
98;20;19125
98;21;19142
98;22;19162
98;23;19205
99;1;13049
99;2;13498
99;3;14067
99;4;14180
99;5;14755
99;6;15257
99;7;15282
99;8;15849
99;9;16338
99;10;16852
99;11;16906
99;12;16934
99;13;16967
99;14;17080
99;15;17129
99;16;17254
99;17;17830
99;18;18187
99;19;18300
99;20;18773
99;21;18782
99;22;18841
99;23;18911
99;24;18937
99;25;18951
99;26;18977
99;27;18981
99;28;19092
99;29;19109
99;30;19111
99;31;19135
99;32;19136
100;1;11500
100;2;11595
100;3;12163
100;4;12665
100;5;12911
100;6;13443
100;7;13538
100;8;14058
100;9;14076
100;10;14564
100;11;14655
100;12;14772
100;13;15240
100;14;15275
100;15;15398
100;16;15476
100;17;15571
100;18;16146
100;19;16722
100;20;17269
100;21;17294
100;22;17816
100;23;17836
100;24;17896
100;25;17924
100;26;17928
100;27;17954
100;28;18079
100;29;18616
100;30;18637
100;31;19005
100;32;19051
100;33;19084
100;34;19102
100;35;19162
100;36;19164
101;1;13355
101;2;13743
101;3;13868
101;4;14444
101;5;15042
101;6;15101
101;7;15178
101;8;15687
101;9;16161
101;10;16730
101;11;17222
101;12;17281
101;13;17788
101;14;18244
101;15;18340
101;16;18955
101;17;19050
101;18;19143
101;19;19163
101;20;19183
101;21;19187
101;22;19211
101;23;19213
102;1;11893
102;2;12461
102;3;13012
102;4;13587
102;5;13618
102;6;14233
102;7;14346
102;8;14888
102;9;14914
102;10;15484
102;11;16031
102;12;16066
102;13;16094
102;14;16692
102;15;16711
102;16;17088
102;17;17580
102;18;17671
102;19;17779
102;20;17814
102;21;17939
102;22;18366
102;23;18394
102;24;18429
102;25;18813
102;26;18857
102;27;18875
102;28;18966
102;29;18970
102;30;19048
102;31;19072
102;32;19089
102;33;19097
102;34;19111
102;35;19146
102;36;19161
102;37;19204
102;38;19205
103;1;11848
103;2;12417
103;3;12930
103;4;13422
103;5;13872
103;6;14030
103;7;14061
103;8;14096
103;9;14605
103;10;15164
103;11;15595
103;12;15712
103;13;16147
103;14;16607
103;15;16619
103;16;16727
103;17;16786
103;18;17239
103;19;17352
103;20;17395
103;21;17868
103;22;18363
103;23;18397
103;24;18409
103;25;18417
103;26;18435
103;27;18986
103;28;19015
103;29;19082
103;30;19125
103;31;19155
103;32;19183
103;33;19187
103;34;19188
103;35;19211
103;36;19213
104;1;14094
104;2;14663
104;3;15162
104;4;15211
104;5;15725
104;6;16295
104;7;16332
104;8;16427
104;9;16863
104;10;17239
104;11;17274
104;12;17300
104;13;17876
104;14;17894
104;15;18298
104;16;18318
104;17;18349
104;18;18384
104;19;18814
104;20;18844
104;21;18957
104;22;18992
104;23;19000
104;24;19069
104;25;19074
104;26;19079
104;27;19114
104;28;19144
104;29;19145
104;30;19147
104;31;19164
104;32;19190
104;33;19193
104;34;19205
105;1;13411
105;2;13869
105;3;14437
105;4;15035
105;5;15516
105;6;15520
105;7;16102
105;8;16120
105;9;16169
105;10;16643
105;11;17038
105;12;17061
105;13;17534
105;14;18121
105;15;18129
105;16;18246
105;17;18276
105;18;18284
105;19;18401
105;20;18418
105;21;18483
105;22;18509
105;23;18517
105;24;18523
105;25;18590
105;26;18602
105;27;19093
105;28;19111
105;29;19126
106;1;13161
106;2;13683
106;3;14365
106;4;14955
106;5;15506
106;6;15623
106;7;16034
106;8;16147
106;9;16606
106;10;16634
106;11;16693
106;12;16781
106;13;17350
106;14;17673
106;15;17790
106;16;18148
106;17;18235
106;18;18239
106;19;18267
106;20;18308
106;21;18337
106;22;18729
106;23;18761
106;24;18797
106;25;18856
106;26;18873
106;27;18894
106;28;18912
106;29;18922
106;30;19017
106;31;19021
106;32;19064
106;33;19084
106;34;19119
106;35;19168
106;36;19169
106;37;19183
106;38;19185
106;39;19205
107;1;12580
107;2;13100
107;3;13557
107;4;13592
107;5;14134
107;6;14200
107;7;14358
107;8;14905
107;9;14934
107;10;14963
107;11;15004
107;12;15012
107;13;15486
107;14;16013
107;15;16101
107;16;16192
107;17;16515
107;18;16546
107;19;16575
107;20;16670
107;21;16720
107;22;16751
107;23;16800
107;24;16913
107;25;17309
107;26;17310
107;27;17318
107;28;17675
107;29;17738
107;30;17833
107;31;17847
107;32;18296
107;33;18320
107;34;18335
107;35;18381
107;36;18498
107;37;18840
107;38;18861
107;39;18906
107;40;19017
107;41;19027
107;42;19044
107;43;19055
107;44;19077
107;45;19112
107;46;19150
107;47;19161
107;48;19162
107;49;19170
107;50;19213
108;1;11426
108;2;11461
108;3;11586
108;4;12113
108;5;12271
108;6;12873
108;7;13365
108;8;13933
108;9;14480
108;10;14593
108;11;14689
108;12;15229
108;13;15769
108;14;15789
108;15;16025
108;16;16603
108;17;17116
108;18;17175
108;19;17679
108;20;17705
108;21;18099
108;22;18476
108;23;18589
108;24;18697
108;25;18814
108;26;18849
108;27;18850
108;28;18910
108;29;18911
108;30;19036
108;31;19095
108;32;19190
108;33;19205
109;1;14664
109;2;15262
109;3;15311
109;4;15786
109;5;16337
109;6;16767
109;7;16790
109;8;17377
109;9;17473
109;10;17533
109;11;17582
109;12;17939
109;13;18401
109;14;18492
109;15;18504
109;16;18509
109;17;18805
109;18;18858
109;19;18901
109;20;18921
109;21;18927
109;22;18947
109;23;18964
109;24;19053
109;25;19062
109;26;19083
109;27;19094
109;28;19111
109;29;19114
109;30;19115
109;31;19116
109;32;19127
110;1;12017
110;2;12491
110;3;12983
110;4;13460
110;5;14062
110;6;14140
110;7;14709
110;8;14822
110;9;14927
110;10;14945
110;11;15396
110;12;15445
110;13;15480
110;14;15989
110;15;16558
110;16;16807
110;17;16932
110;18;16961
110;19;17021
110;20;17447
110;21;17564
110;22;18151
110;23;18230
110;24;18251
110;25;18713
110;26;18751
110;27;18777
110;28;18798
110;29;18818
110;30;18841
110;31;18937
110;32;18962
110;33;18980
110;34;18984
110;35;19058
110;36;19075
110;37;19088
110;38;19108
110;39;19112
110;40;19141
110;41;19155
111;1;11692
111;2;12282
111;3;12833
111;4;13402
111;5;13989
111;6;14049
111;7;14672
111;8;14700
111;9;15247
111;10;15929
111;11;16367
111;12;16894
111;13;17358
111;14;17464
111;15;18039
111;16;18482
111;17;18510
111;18;18521
111;19;18871
111;20;18891
111;21;18920
111;22;19015
111;23;19035
111;24;19045
111;25;19065
111;26;19109
111;27;19111
111;28;19112
111;29;19116
111;30;19127
112;1;10302
112;2;10356
112;3;10858
112;4;11409
112;5;11956
112;6;12560
112;7;13102
112;8;13616
112;9;13712
112;10;14282
112;11;14817
112;12;15112
112;13;15130
112;14;15609
112;15;16061
112;16;16526
112;17;16617
112;18;16734
112;19;16763
112;20;16822
112;21;16935
112;22;17427
112;23;17841
112;24;18110
112;25;18223
112;26;18634
112;27;18683
112;28;18808
112;29;18919
112;30;18925
112;31;18954
112;32;18974
112;33;19041
112;34;19071
112;35;19122
112;36;19157
112;37;19159
112;38;19170
112;39;19213
113;1;12917
113;2;12946
113;3;13438
113;4;14036
113;5;14560
113;6;15018
113;7;15036
113;8;15606
113;9;16026
113;10;16492
113;11;16605
113;12;17012
113;13;17552
113;14;18128
113;15;18149
113;16;18739
113;17;18761
113;18;18789
113;19;18858
113;20;18971
113;21;19088
113;22;19091
113;23;19112
113;24;19136
114;1;10466
114;2;10495
114;3;11030
114;4;11497
114;5;11958
114;6;12528
114;7;12539
114;8;12652
114;9;13313
114;10;13430
114;11;13922
114;12;14524
114;13;15083
114;14;15658
114;15;16121
114;16;16634
114;17;16712
114;18;16721
114;19;16739
114;20;16770
114;21;16805
114;22;16852
114;23;16902
114;24;17397
114;25;17428
114;26;17464
114;27;17839
114;28;18277
114;29;18394
114;30;18490
114;31;18499
114;32;18510
114;33;18559
114;34;19124
114;35;19135
114;36;19136
114;37;19164
114;38;19190
114;39;19193
114;40;19205
115;1;13734
115;2;13793
115;3;14302
115;4;14829
115;5;15284
115;6;15831
115;7;16262
115;8;16375
115;9;16470
115;10;16471
115;11;16502
115;12;16509
115;13;17057
115;14;17116
115;15;17691
115;16;17709
115;17;17738
115;18;18153
115;19;18248
115;20;18263
115;21;18298
115;22;18326
115;23;18335
115;24;18448
115;25;18467
115;26;18477
115;27;18481
115;28;18836
115;29;18862
115;30;18900
115;31;18926
115;32;18960
115;33;19073
115;34;19085
115;35;19103
115;36;19106
115;37;19141
115;38;19184
115;39;19193
115;40;19205
115;41;19213
116;1;12492
116;2;13063
116;3;13632
116;4;13691
116;5;14201
116;6;14230
116;7;14308
116;8;14859
116;9;14970
116;10;15546
116;11;16150
116;12;16209
116;13;16736
116;14;16820
116;15;17290
116;16;17348
116;17;17822
116;18;18200
116;19;18285
116;20;18396
116;21;18403
116;22;18895
116;23;18899
116;24;18959
116;25;18960
116;26;18964
116;27;18999
116;28;19112
116;29;19155
116;30;19166
116;31;19182
116;32;19204
116;33;19205
117;1;11822
117;2;12303
117;3;12830
117;4;13288
117;5;13396
117;6;13422
117;7;13997
117;8;14026
117;9;14550
117;10;14918
117;11;15026
117;12;15518
117;13;15568
117;14;15969
117;15;16545
117;16;16574
117;17;16687
117;18;16782
117;19;17256
117;20;17274
117;21;17637
117;22;18159
117;23;18167
117;24;18187
117;25;18282
117;26;18355
117;27;18386
117;28;18397
117;29;18438
117;30;18479
117;31;18497
117;32;18596
117;33;18755
117;34;18763
117;35;18847
117;36;18856
117;37;18947
117;38;18988
117;39;19006
117;40;19041
117;41;19045
117;42;19053
117;43;19055
117;44;19067
117;45;19126
118;1;13173
118;2;13290
118;3;13905
118;4;14452
118;5;14501
118;6;14532
118;7;15011
118;8;15452
118;9;15908
118;10;15937
118;11;16034
118;12;16054
118;13;16113
118;14;16157
118;15;16263
118;16;16705
118;17;17166
118;18;17262
118;19;17293
118;20;17342
118;21;17803
118;22;17886
118;23;18400
118;24;18468
118;25;18897
118;26;18898
118;27;18958
118;28;18993
118;29;18994
118;30;19089
118;31;19110
118;32;19112
118;33;19132
118;34;19162
118;35;19185
118;36;19205
119;1;13331
119;2;14013
119;3;14487
119;4;14854
119;5;15368
119;6;15476
119;7;15968
119;8;15986
119;9;16513
119;10;16587
119;11;16630
119;12;17217
119;13;17605
119;14;18177
119;15;18198
119;16;18224
119;17;18294
119;18;18343
119;19;18354
119;20;18471
119;21;18847
119;22;18933
119;23;18960
119;24;18977
119;25;19007
119;26;19067
119;27;19071
119;28;19093
119;29;19106
119;30;19115
119;31;19124
119;32;19135
119;33;19136
120;1;10576
120;2;10604
120;3;11140
120;4;11660
120;5;11691
120;6;12295
120;7;12640
120;8;12765
120;9;12824
120;10;13394
120;11;13845
120;12;14435
120;13;14453
120;14;14503
120;15;14628
120;16;14657
120;17;14716
120;18;15287
120;19;15885
120;20;16434
120;21;16747
120;22;17269
120;23;17287
120;24;17322
120;25;17333
120;26;17369
120;27;17956
120;28;17982
120;29;18439
120;30;18983
120;31;19100
120;32;19109
120;33;19111
120;34;19135
120;35;19164
121;1;13139
121;2;13168
121;3;13708
121;4;14235
121;5;14676
121;6;15200
121;7;15259
121;8;15337
121;9;15357
121;10;15955
121;11;16447
121;12;16497
121;13;16546
121;14;16899
121;15;16995
121;16;17055
121;17;17104
121;18;17184
121;19;17280
121;20;17708
121;21;17726
121;22;17811
121;23;17820
121;24;17855
121;25;18459
121;26;18464
121;27;18524
121;28;18836
121;29;18914
121;30;18942
121;31;19001
121;32;19005
121;33;19116
121;34;19118
121;35;19213
122;1;13859
122;2;14428
122;3;14536
122;4;15112
122;5;15587
122;6;16100
122;7;16101
122;8;16196
122;9;16710
122;10;17183
122;11;17503
122;12;17538
122;13;17542
122;14;17620
122;15;17637
122;16;17731
122;17;18207
122;18;18224
122;19;18316
122;20;18424
122;21;18878
122;22;18889
122;23;18910
122;24;18988
122;25;19048
122;26;19068
122;27;19096
122;28;19122
122;29;19172
122;30;19175
122;31;19185
122;32;19190
122;33;19213
123;1;13306
123;2;13744
123;3;13762
123;4;14286
123;5;14799
123;6;14912
123;7;14922
123;8;15430
123;9;15555
123;10;15924
123;11;16473
123;12;16993
123;13;17013
123;14;17048
123;15;17107
123;16;17224
123;17;17761
123;18;17874
123;19;18274
123;20;18344
123;21;18387
123;22;18394
123;23;18441
123;24;18519
123;25;18550
123;26;18957
123;27;18992
123;28;19035
123;29;19039
123;30;19074
123;31;19133
123;32;19135
124;1;15258
124;2;15690
124;3;16225
124;4;16639
124;5;16670
124;6;17091
124;7;17154
124;8;17180
124;9;17209
124;10;17789
124;11;17849
124;12;18418
124;13;18447
124;14;18937
124;15;19050
124;16;19068
124;17;19088
124;18;19106
124;19;19166
124;20;19179
124;21;19199
124;22;19211
124;23;19213
125;1;12072
125;2;12564
125;3;12681
125;4;12710
125;5;12741
125;6;13306
125;7;13820
125;8;14391
125;9;14422
125;10;15037
125;11;15417
125;12;15826
125;13;15934
125;14;15983
125;15;16559
125;16;16649
125;17;16650
125;18;17141
125;19;17258
125;20;17809
125;21;17834
125;22;18292
125;23;18388
125;24;18398
125;25;18872
125;26;18879
125;27;18967
125;28;19027
125;29;19048
125;30;19062
125;31;19083
125;32;19103
125;33;19121
125;34;19170
125;35;19171
125;36;19190
125;37;19193
125;38;19205
126;1;10279
126;2;10883
126;3;10914
126;4;11506
126;5;11924
126;6;12032
126;7;12524
126;8;13206
126;9;13226
126;10;13317
126;11;13376
126;12;13947
126;13;14443
126;14;14917
126;15;14948
126;16;15394
126;17;15903
126;18;15923
126;19;16005
126;20;16022
126;21;16480
126;22;17051
126;23;17168
126;24;17326
126;25;17873
126;26;18449
126;27;18949
126;28;18984
126;29;19012
126;30;19036
126;31;19085
126;32;19096
126;33;19114
126;34;19133
126;35;19181
126;36;19200
126;37;19211
126;38;19213
127;1;9077
127;2;9675
127;3;9729
127;4;9758
127;5;10345
127;6;10977
127;7;11600
127;8;12127
127;9;12640
127;10;13209
127;11;13237
127;12;13266
127;13;13294
127;14;13678
127;15;13773
127;16;13799
127;17;14368
127;18;14916
127;19;15294
127;20;15865
127;21;16440
127;22;16553
127;23;17106
127;24;17134
127;25;17220
127;26;17255
127;27;17292
127;28;17318
127;29;17876
127;30;17887
127;31;17983
127;32;18284
127;33;18397
127;34;18416
127;35;18475
127;36;18949
127;37;18967
127;38;19045
127;39;19140
127;40;19155
127;41;19164
128;1;13647
128;2;14251
128;3;14362
128;4;14930
128;5;15499
128;6;15888
128;7;15997
128;8;16046
128;9;16390
128;10;16992
128;11;17150
128;12;17264
128;13;17620
128;14;17737
128;15;17828
128;16;17986
128;17;18387
128;18;18422
128;19;18825
128;20;18874
128;21;18936
128;22;18964
128;23;18995
128;24;19016
128;25;19045
128;26;19056
128;27;19096
128;28;19097
128;29;19107
128;30;19127
128;31;19136
129;1;10653
129;2;11166
129;3;11195
129;4;11709
129;5;12219
129;6;12794
129;7;13364
129;8;13481
129;9;13919
129;10;14044
129;11;14376
129;12;14987
129;13;15563
129;14;15581
129;15;15609
129;16;15666
129;17;15716
129;18;15747
129;19;16037
129;20;16570
129;21;16598
129;22;16633
129;23;16746
129;24;16841
129;25;16923
129;26;16958
129;27;16989
129;28;17349
129;29;17462
129;30;17818
129;31;17914
129;32;17962
129;33;18022
129;34;18388
129;35;18975
129;36;19034
129;37;19045
129;38;19076
129;39;19089
129;40;19106
129;41;19128
129;42;19131
129;43;19132
129;44;19180
129;45;19191
129;46;19193
129;47;19205
130;1;12284
130;2;12888
130;3;13002
130;4;13097
130;5;13668
130;6;13731
130;7;14035
130;8;14559
130;9;14561
130;10;15075
130;11;15651
130;12;15764
130;13;16258
130;14;16349
130;15;16369
130;16;16429
130;17;16974
130;18;17430
130;19;17516
130;20;17530
130;21;17534
130;22;17647
130;23;17660
130;24;18204
130;25;18321
130;26;18352
130;27;18447
130;28;18463
130;29;18974
130;30;19000
130;31;19001
130;32;19022
130;33;19050
130;34;19052
130;35;19072
130;36;19084
130;37;19096
130;38;19105
130;39;19136
131;1;13113
131;2;13703
131;3;13828
131;4;13846
131;5;14393
131;6;14962
131;7;15017
131;8;15638
131;9;15697
131;10;15711
131;11;16242
131;12;16755
131;13;17130
131;14;17698
131;15;17811
131;16;17831
131;17;18216
131;18;18333
131;19;18406
131;20;18417
131;21;18435
131;22;18457
131;23;18475
131;24;18864
131;25;18892
131;26;18951
131;27;18972
131;28;18988
131;29;19029
131;30;19030
131;31;19037
131;32;19043
131;33;19052
131;34;19111
131;35;19126
132;1;13288
132;2;13316
132;3;13376
132;4;13889
132;5;13986
132;6;14017
132;7;14534
132;8;15103
132;9;15593
132;10;15920
132;11;16261
132;12;16810
132;13;16824
132;14;16937
132;15;17051
132;16;17517
132;17;18006
132;18;18101
132;19;18160
132;20;18271
132;21;18388
132;22;18546
132;23;18548
132;24;19016
132;25;19076
132;26;19105
132;27;19135
133;1;11441
133;2;12010
133;3;12537
133;4;12993
133;5;13568
133;6;14081
133;7;14623
133;8;14740
133;9;15310
133;10;15769
133;11;15866
133;12;16453
133;13;17058
133;14;17641
133;15;17662
133;16;17690
133;17;17803
133;18;17822
133;19;18197
133;20;18256
133;21;18306
133;22;18376
133;23;18947
133;24;18996
133;25;19037
133;26;19055
133;27;19151
133;28;19162
133;29;19183
133;30;19188
133;31;19211
133;32;19213
134;1;11971
134;2;12034
134;3;12585
134;4;13098
134;5;13158
134;6;13709
134;7;14311
134;8;14881
134;9;15349
134;10;15466
134;11;15947
134;12;16516
134;13;16524
134;14;16615
134;15;16695
134;16;17108
134;17;17203
134;18;17316
134;19;17375
134;20;17717
134;21;17766
134;22;17777
134;23;18332
134;24;18334
134;25;18345
134;26;18346
134;27;18374
134;28;18405
134;29;18446
134;30;18468
134;31;18473
134;32;18484
134;33;18504
134;34;18532
134;35;18563
134;36;19034
134;37;19093
134;38;19107
134;39;19127
134;40;19136
135;1;11310
135;2;11369
135;3;11527
135;4;12076
135;5;12201
135;6;12752
135;7;13180
135;8;13782
135;9;13895
135;10;14387
135;11;14956
135;12;15571
135;13;15606
135;14;16038
135;15;16087
135;16;16596
135;17;16615
135;18;16773
135;19;16794
135;20;17191
135;21;17666
135;22;17670
135;23;17717
135;24;17766
135;25;17879
135;26;18330
135;27;18426
135;28;18472
135;29;18500
135;30;18529
135;31;19045
135;32;19095
135;33;19115
135;34;19123
135;35;19164
135;36;19172
135;37;19183
135;38;19205
135;39;19213
136;1;11228
136;2;11677
136;3;12197
136;4;12748
136;5;12768
136;6;13281
136;7;13913
136;8;14406
136;9;14974
136;10;15543
136;11;15567
136;12;15662
136;13;15676
136;14;16203
136;15;16320
136;16;16673
136;17;17037
136;18;17154
136;19;17631
136;20;17680
136;21;18192
136;22;18238
136;23;18288
136;24;18309
136;25;18338
136;26;18449
136;27;18467
136;28;18474
136;29;18478
136;30;18487
136;31;19044
136;32;19073
136;33;19075
136;34;19093
136;35;19112
136;36;19171
136;37;19193
136;38;19205
137;1;13437
137;2;13532
137;3;14024
137;4;14573
137;5;15171
137;6;15601
137;7;16080
137;8;16197
137;9;16737
137;10;17243
137;11;17264
137;12;17840
137;13;17889
137;14;18378
137;15;18389
137;16;18403
137;17;18431
137;18;18480
137;19;18509
137;20;18975
137;21;19070
137;22;19074
137;23;19083
137;24;19103
137;25;19133
137;26;19135
138;1;14704
138;2;14764
138;3;15254
138;4;15362
138;5;15465
138;6;15578
138;7;16146
138;8;16150
138;9;16170
138;10;16587
138;11;16617
138;12;17142
138;13;17634
138;14;17654
138;15;17767
138;16;17798
138;17;17803
138;18;17837
138;19;17919
138;20;17924
138;21;18500
138;22;18915
138;23;18964
138;24;19072
138;25;19075
138;26;19083
138;27;19098
138;28;19140
138;29;19141
138;30;19146
138;31;19157
138;32;19161
138;33;19182
138;34;19187
138;35;19188
138;36;19190
138;37;19205
139;1;16002
139;2;16022
139;3;16573
139;4;17065
139;5;17086
139;6;17100
139;7;17150
139;8;17699
139;9;18240
139;10;18829
139;11;18850
139;12;18877
139;13;18927
139;14;18987
139;15;19046
139;16;19087
139;17;19109
139;18;19127
139;19;19135
139;20;19194
139;21;19205
139;22;19213
140;1;13297
140;2;13848
140;3;14424
140;4;14945
140;5;14973
140;6;15549
140;7;15880
140;8;15898
140;9;15926
140;10;15927
140;11;16364
140;12;16996
140;13;17540
140;14;17653
140;15;17969
140;16;18077
140;17;18108
140;18;18579
140;19;18605
140;20;18625
140;21;18704
140;22;18800
140;23;18897
140;24;18917
140;25;19042
140;26;19129
140;27;19135
140;28;19138
140;29;19140
140;30;19155
141;1;13795
141;2;13865
141;3;14405
141;4;14962
141;5;15015
141;6;15585
141;7;15635
141;8;16247
141;9;16631
141;10;17153
141;11;17442
141;12;17567
141;13;17637
141;14;17678
141;15;18016
141;16;18058
141;17;18076
141;18;18092
141;19;18125
141;20;18205
141;21;18246
141;22;18337
141;23;18370
141;24;18385
141;25;18403
141;26;18416
141;27;18848
141;28;18895
141;29;18944
141;30;18964
141;31;18973
141;32;19018
141;33;19045
141;34;19048
141;35;19059
141;36;19066
141;37;19115
141;38;19126
141;39;19134
141;40;19164
142;1;11132
142;2;11163
142;3;11824
142;4;12316
142;5;12863
142;6;13385
142;7;13975
142;8;14448
142;9;14544
142;10;14572
142;11;15030
142;12;15606
142;13;16068
142;14;16093
142;15;16691
142;16;16804
142;17;17278
142;18;17348
142;19;17590
142;20;17748
142;21;17817
142;22;17859
142;23;18474
142;24;18483
142;25;18543
142;26;19043
142;27;19045
142;28;19065
142;29;19098
142;30;19099
142;31;19110
142;32;19112
142;33;19136
143;1;14622
143;2;15135
143;3;15691
143;4;16236
143;5;16581
143;6;17156
143;7;17732
143;8;18283
143;9;18293
143;10;18304
143;11;18891
143;12;19008
143;13;19029
143;14;19051
143;15;19068
143;16;19080
143;17;19091
143;18;19106
143;19;19117
143;20;19126
143;21;19127
143;22;19135
144;1;10497
144;2;11048
144;3;11165
144;4;11568
144;5;11679
144;6;12269
144;7;12782
144;8;13352
144;9;13826
144;10;14340
144;11;14955
144;12;15491
144;13;15841
144;14;15900
144;15;16381
144;16;16827
144;17;17265
144;18;17376
144;19;17978
144;20;18091
144;21;18187
144;22;18312
144;23;18340
144;24;18366
144;25;18367
144;26;18426
144;27;18439
144;28;18556
144;29;18822
144;30;18843
144;31;18891
144;32;18897
144;33;18957
144;34;19001
144;35;19097
144;36;19109
144;37;19135
144;38;19146
144;39;19155
144;40;19164
145;1;13504
145;2;13617
145;3;13646
145;4;14170
145;5;14608
145;6;14628
145;7;15136
145;8;15253
145;9;15284
145;10;15291
145;11;15663
145;12;16238
145;13;16656
145;14;16697
145;15;16719
145;16;16774
145;17;16785
145;18;16821
145;19;17335
145;20;17366
145;21;17384
145;22;17847
145;23;17869
145;24;17873
145;25;17923
145;26;17933
145;27;17974
145;28;18371
145;29;18729
145;30;18824
145;31;18850
145;32;18963
145;33;19028
145;34;19037
145;35;19055
145;36;19150
145;37;19193
145;38;19205
146;1;13277
146;2;13372
146;3;13392
146;4;13982
146;5;14031
146;6;14505
146;7;14827
146;8;15274
146;9;15302
146;10;15816
146;11;15824
146;12;15844
146;13;15873
146;14;15964
146;15;16024
146;16;16120
146;17;16230
146;18;16752
146;19;17150
146;20;17153
146;21;17270
146;22;17277
146;23;17708
146;24;18217
146;25;18245
146;26;18265
146;27;18332
146;28;18345
146;29;18367
146;30;18378
146;31;18407
146;32;18520
146;33;18538
146;34;18799
146;35;18800
146;36;18849
146;37;18933
146;38;18972
146;39;19007
146;40;19033
146;41;19034
146;42;19094
146;43;19097
146;44;19104
146;45;19115
146;46;19127
147;1;12294
147;2;12976
147;3;13566
147;4;13636
147;5;14107
147;6;14658
147;7;14669
147;8;14689
147;9;15245
147;10;15313
147;11;15888
147;12;16410
147;13;16882
147;14;16883
147;15;16931
147;16;16980
147;17;17500
147;18;17790
147;19;17840
147;20;17900
147;21;18428
147;22;18437
147;23;18485
147;24;18535
147;25;19010
147;26;19011
147;27;19074
147;28;19075
147;29;19096
147;30;19098
147;31;19116
147;32;19124
147;33;19135
148;1;13500
148;2;13521
148;3;14068
148;4;14639
148;5;15114
148;6;15552
148;7;15619
148;8;15730
148;9;16057
148;10;16068
148;11;16144
148;12;16151
148;13;16166
148;14;16589
148;15;16702
148;16;17206
148;17;17255
148;18;17372
148;19;17382
148;20;17477
148;21;17950
148;22;18064
148;23;18283
148;24;18332
148;25;18376
148;26;18384
148;27;18405
148;28;18459
148;29;18461
148;30;18511
148;31;18525
148;32;18584
148;33;18816
148;34;18862
148;35;18891
148;36;18913
148;37;18944
148;38;18971
148;39;18972
148;40;19068
148;41;19135
148;42;19142
148;43;19145
148;44;19161
148;45;19162
148;46;19183
148;47;19185
148;48;19205
148;49;19213
149;1;13157
149;2;13253
149;3;13378
149;4;13407
149;5;13956
149;6;14016
149;7;14051
149;8;14446
149;9;14937
149;10;15569
149;11;16082
149;12;16564
149;13;16677
149;14;16732
149;15;16792
149;16;16836
149;17;16890
149;18;17289
149;19;17317
149;20;17730
149;21;18306
149;22;18372
149;23;18450
149;24;18467
149;25;18563
149;26;18613
149;27;18992
149;28;19083
149;29;19086
149;30;19129
149;31;19158
149;32;19173
149;33;19183
149;34;19191
149;35;19211
149;36;19213
150;1;13949
150;2;14009
150;3;14444
150;4;14918
150;5;14927
150;6;15440
150;7;15527
150;8;16129
150;9;16727
150;10;17151
150;11;17152
150;12;17269
150;13;17768
150;14;17797
150;15;18334
150;16;18364
150;17;18880
150;18;18928
150;19;18948
150;20;18950
150;21;19075
150;22;19106
150;23;19141
150;24;19161
150;25;19168
150;26;19170
150;27;19213
151;1;13259
151;2;13830
151;3;14294
151;4;14836
151;5;14847
151;6;14960
151;7;15535
151;8;16150
151;9;16234
151;10;16756
151;11;17332
151;12;17883
151;13;17901
151;14;18393
151;15;18424
151;16;18482
151;17;18985
151;18;19080
151;19;19084
151;20;19114
151;21;19134
151;22;19151
151;23;19172
151;24;19176
151;25;19202
151;26;19213
152;1;13061
152;2;13603
152;3;13699
152;4;14191
152;5;14725
152;6;15304
152;7;15382
152;8;15969
152;9;16467
152;10;16924
152;11;17468
152;12;18008
152;13;18119
152;14;18154
152;15;18172
152;16;18681
152;17;18702
152;18;18810
152;19;18836
152;20;18847
152;21;18903
152;22;18998
152;23;19033
152;24;19092
152;25;19097
152;26;19111
152;27;19146
152;28;19189
152;29;19190
152;30;19205
153;1;12285
153;2;12799
153;3;12809
153;4;13301
153;5;13329
153;6;13364
153;7;13896
153;8;14369
153;9;14844
153;10;14870
153;11;15401
153;12;15450
153;13;15453
153;14;15464
153;15;15977
153;16;16546
153;17;16642
153;18;16688
153;19;17320
153;20;17398
153;21;17897
153;22;17907
153;23;18003
153;24;18270
153;25;18845
153;26;18962
153;27;18983
153;28;19079
153;29;19108
153;30;19125
153;31;19128
153;32;19149
153;33;19175
153;34;19205
154;1;13239
154;2;13257
154;3;13317
154;4;13376
154;5;13951
154;6;14154
154;7;14193
154;8;14310
154;9;14886
154;10;14915
154;11;15463
154;12;15576
154;13;16095
154;14;16126
154;15;16479
154;16;16880
154;17;16909
154;18;17484
154;19;17497
154;20;17546
154;21;17597
154;22;17693
154;23;17698
154;24;17717
154;25;17766
154;26;17835
154;27;17948
154;28;18388
154;29;18417
154;30;18465
154;31;18590
154;32;18591
154;33;18621
154;34;18987
154;35;19112
154;36;19127
154;37;19136
155;1;11911
155;2;12406
155;3;12435
155;4;12927
155;5;12986
155;6;13111
155;7;13713
155;8;14237
155;9;14354
155;10;14876
155;11;14904
155;12;14922
155;13;15491
155;14;15523
155;15;15996
155;16;16571
155;17;16602
155;18;16637
155;19;16697
155;20;16751
155;21;17209
155;22;17229
155;23;17762
155;24;17850
155;25;17899
155;26;17934
155;27;18295
155;28;18354
155;29;18369
155;30;18437
155;31;18442
155;32;18537
155;33;18871
155;34;18920
155;35;18969
155;36;19000
155;37;19026
155;38;19052
155;39;19061
155;40;19087
155;41;19146
155;42;19161
155;43;19182
155;44;19183
155;45;19188
155;46;19190
155;47;19205
156;1;13215
156;2;13293
156;3;13352
156;4;13790
156;5;14268
156;6;14381
156;7;14396
156;8;14437
156;9;14928
156;10;14946
156;11;15041
156;12;15535
156;13;15596
156;14;16060
156;15;16650
156;16;16668
156;17;17095
156;18;17149
156;19;17178
156;20;17198
156;21;17248
156;22;17297
156;23;17315
156;24;17344
156;25;17633
156;26;17728
156;27;17816
156;28;17857
156;29;17974
156;30;17975
156;31;17997
156;32;18008
156;33;18036
156;34;18541
156;35;18559
156;36;18761
156;37;18765
156;38;18856
156;39;18879
156;40;18935
156;41;18965
156;42;18993
156;43;18994
156;44;19005
156;45;19036
156;46;19056
156;47;19060
156;48;19080
156;49;19106
156;50;19110
156;51;19112
156;52;19127
157;1;13663
157;2;13754
157;3;13785
157;4;14361
157;5;14469
157;6;14944
157;7;14972
157;8;15523
157;9;16015
157;10;16584
157;11;16613
157;12;16730
157;13;16741
157;14;16800
157;15;17344
157;16;17748
157;17;17753
157;18;18207
157;19;18681
157;20;18692
157;21;18803
157;22;18833
157;23;18851
157;24;18929
157;25;18933
157;26;18950
157;27;19004
157;28;19015
157;29;19044
157;30;19087
157;31;19088
157;32;19094
157;33;19114
157;34;19125
157;35;19155
158;1;12737
158;2;13335
158;3;13749
158;4;14162
158;5;14794
158;6;15273
158;7;15386
158;8;15464
158;9;15862
158;10;15901
158;11;16014
158;12;16477
158;13;16537
158;14;16557
158;15;17144
158;16;17631
158;17;17707
158;18;17710
158;19;18035
158;20;18160
158;21;18277
158;22;18336
158;23;18390
158;24;18917
158;25;18948
158;26;19006
158;27;19008
158;28;19086
158;29;19105
158;30;19126
158;31;19135
159;1;13491
159;2;13512
159;3;14080
159;4;14362
159;5;14953
159;6;15529
159;7;16004
159;8;16618
159;9;17110
159;10;17163
159;11;17711
159;12;17806
159;13;17919
159;14;17937
159;15;18351
159;16;18369
159;17;18378
159;18;18406
159;19;18466
159;20;18486
159;21;18491
159;22;18502
159;23;18822
159;24;18919
159;25;18998
159;26;19057
159;27;19067
159;28;19127
159;29;19136
160;1;14209
160;2;14811
160;3;14840
160;4;15319
160;5;15427
160;6;16088
160;7;16678
160;8;16771
160;9;16888
160;10;17295
160;11;17603
160;12;17699
160;13;17719
160;14;17844
160;15;17875
160;16;17934
160;17;17971
160;18;18322
160;19;18435
160;20;18560
160;21;18620
160;22;19076
160;23;19166
160;24;19179
160;25;19182
160;26;19192
160;27;19204
160;28;19205
160;29;19211
160;30;19213
161;1;13757
161;2;13874
161;3;14228
161;4;14288
161;5;14316
161;6;14327
161;7;14903
161;8;15430
161;9;15868
161;10;16404
161;11;16518
161;12;17031
161;13;17521
161;14;17629
161;15;17630
161;16;17647
161;17;17764
161;18;17805
161;19;17913
161;20;18420
161;21;18432
161;22;18528
161;23;18933
161;24;18937
161;25;19050
161;26;19100
161;27;19118
161;28;19164
162;1;13669
162;2;14274
162;3;14391
162;4;14783
162;5;15352
162;6;15510
162;7;16046
162;8;16669
162;9;16706
162;10;17269
162;11;17318
162;12;17869
162;13;18287
162;14;18445
162;15;18463
162;16;18680
162;17;18740
162;18;18760
162;19;18809
162;20;18862
162;21;18971
162;22;19024
162;23;19039
162;24;19047
162;25;19058
162;26;19079
162;27;19081
162;28;19082
162;29;19114
162;30;19115
162;31;19136
163;1;12820
163;2;13422
163;3;14052
163;4;14107
163;5;14620
163;6;15195
163;7;15249
163;8;15570
163;9;16070
163;10;16073
163;11;16127
163;12;16156
163;13;16705
163;14;17197
163;15;17257
163;16;17275
163;17;17286
163;18;17307
163;19;17573
163;20;17684
163;21;17783
163;22;17842
163;23;17876
163;24;18409
163;25;18992
163;26;19002
163;27;19028
163;28;19095
163;29;19098
163;30;19120
163;31;19121
163;32;19132
163;33;19153
163;34;19188
163;35;19190
163;36;19205
164;1;9448
164;2;10018
164;3;10476
164;4;11108
164;5;11233
164;6;11251
164;7;11881
164;8;12313
164;9;12681
164;10;13171
164;11;13259
164;12;13779
164;13;14330
164;14;14735
164;15;15220
164;16;15345
164;17;15458
164;18;15974
164;19;16052
164;20;16557
164;21;16586
164;22;16694
164;23;17177
164;24;17218
164;25;17794
164;26;18363
164;27;18476
164;28;18498
164;29;18526
164;30;19018
164;31;19029
164;32;19031
164;33;19066
164;34;19126
164;35;19144
164;36;19155
